time_of_info,tls_id,count_to_r,count_to_l,count_to_b,count_to_t,count_stuck_middle,count_stuck_to_r,count_stuck_to_l,count_stuck_to_b,count_stuck_to_t,is_jam_next_l,is_jam_next_r,is_jam_next_t,is_jam_next_b,is_green_horizontal,is_green_vertical,y,jams_count,jams_time,jams_car_count
25,A1,2,1,0,1,0,0,0,0,0,0,0,0,0,1,0,2,0,0,0
25,B0,0,1,1,1,0,0,0,0,0,0,0,0,0,1,0,1,0,0,0
25,B1,2,2,1,1,0,0,0,0,0,0,0,0,0,1,0,2,0,0,0
25,B2,1,0,2,1,0,0,0,0,0,0,0,0,0,1,0,1,0,0,0
25,C1,1,2,1,0,0,0,0,0,0,0,0,0,0,1,0,2,0,0,0
50,A1,2,3,0,3,0,0,0,0,0,0,0,0,0,0,1,2,0,0,0
50,B0,0,3,6,3,0,0,0,0,0,0,0,0,0,0,1,1,0,0,0
50,B1,3,4,4,3,0,0,0,0,0,0,0,0,0,0,1,1,0,0,0
50,B2,6,0,2,6,0,0,0,0,0,0,0,0,0,0,1,1,0,0,0
50,C1,4,3,3,0,0,0,0,0,0,0,0,0,0,0,1,2,0,0,0
75,A1,8,11,0,3,0,0,0,0,0,0,0,0,0,0,1,2,0,0,0
75,B0,0,8,10,2,0,0,0,0,0,0,0,0,0,0,1,1,0,0,0
75,B1,6,7,5,2,0,0,0,0,0,0,0,0,0,0,1,2,0,0,0
75,B2,11,0,3,8,0,0,0,0,0,0,0,0,0,0,1,1,0,0,0
75,C1,10,5,3,0,0,0,0,0,0,0,0,0,0,0,1,2,0,0,0
100,A1,12,19,0,4,0,0,0,0,0,0,0,0,0,1,0,2,0,0,0
100,B0,0,11,16,4,0,0,0,0,0,0,0,0,0,1,0,1,0,0,0
100,B1,10,12,3,3,0,0,0,0,0,0,0,0,0,1,0,2,0,0,0
100,B2,14,0,4,9,0,0,0,0,0,0,0,0,0,1,0,1,0,0,0
100,C1,17,9,7,0,0,0,0,0,0,0,0,0,0,1,0,2,0,0,0
125,A1,11,21,0,9,0,0,0,0,0,0,0,0,0,1,0,2,0,0,0
125,B0,0,11,19,11,0,0,0,0,0,0,0,0,0,1,0,1,0,0,0
125,B1,13,16,5,5,0,0,0,0,0,0,0,0,0,1,0,2,0,0,0
125,B2,8,0,9,14,0,0,0,0,0,0,0,0,0,1,0,1,0,0,0
125,C1,21,9,14,0,0,0,0,0,0,0,0,0,0,1,0,2,0,0,0
150,A1,10,21,0,18,0,0,0,0,0,0,0,0,0,1,0,2,0,0,0
150,B0,0,4,20,14,0,0,0,0,0,0,0,0,0,1,0,1,0,0,0
150,B1,11,8,7,13,0,0,0,0,0,0,0,0,0,1,0,2,0,0,0
150,B2,4,0,17,20,0,0,0,0,0,0,0,0,0,1,0,1,0,0,0
150,C1,21,5,17,0,0,0,0,0,0,0,0,0,0,1,0,2,0,0,0
175,A1,16,20,0,11,0,0,0,0,0,0,0,0,0,0,1,2,0,0,0
175,B0,0,8,20,11,0,0,0,0,0,0,0,0,0,0,1,1,0,0,0
175,B1,11,11,4,17,0,0,0,0,0,0,0,0,0,0,1,2,0,0,0
175,B2,4,0,11,20,0,0,0,0,0,0,0,0,0,0,1,1,0,0,0
175,C1,20,9,10,0,0,0,0,0,0,0,0,0,0,0,1,2,0,0,0
200,A1,20,20,0,8,0,0,0,0,0,0,0,0,0,0,1,2,0,0,0
200,B0,0,9,21,10,0,0,0,0,0,0,0,0,0,0,1,1,0,0,0
200,B1,15,13,3,10,0,0,0,0,0,0,0,0,0,0,1,2,0,0,0
200,B2,11,0,11,21,0,0,0,0,0,0,0,0,0,0,1,1,0,0,0
200,C1,20,17,5,0,0,0,0,0,0,0,0,0,0,0,1,2,0,0,0
225,A1,12,18,0,14,0,0,0,0,0,0,0,0,0,1,0,2,0,0,0
225,B0,0,3,20,17,0,0,0,0,0,0,0,0,0,1,0,1,0,0,0
225,B1,13,15,2,10,0,0,0,0,0,0,0,0,0,1,0,2,0,0,0
225,B2,2,0,19,20,0,0,0,0,0,0,0,0,0,1,0,1,0,0,0
225,C1,20,12,5,0,0,0,0,0,0,0,0,0,0,1,0,2,0,0,0
250,A1,11,21,0,18,0,0,0,0,0,0,0,0,0,1,0,2,0,0,0
250,B0,0,1,20,20,0,0,0,0,0,0,0,0,0,1,0,1,0,0,0
250,B1,3,14,3,12,0,0,0,0,0,0,0,0,0,1,0,2,0,0,0
250,B2,5,0,20,20,0,0,0,0,0,0,0,0,0,1,0,1,0,0,0
250,C1,20,11,6,0,0,0,0,0,0,0,0,0,0,1,0,2,0,0,0
275,A1,19,20,0,13,0,0,0,0,0,0,0,0,0,0,1,2,0,0,0
275,B0,0,1,20,13,0,0,0,0,0,0,0,0,0,0,1,1,0,0,0
275,B1,1,11,6,13,0,0,0,0,0,0,0,0,0,0,1,1,0,0,0
275,B2,10,0,13,20,0,0,0,0,0,0,0,0,0,0,1,1,0,0,0
275,C1,20,18,3,0,0,0,0,0,0,0,0,0,0,0,1,2,0,0,0
300,A1,20,20,0,10,0,0,0,0,0,0,0,0,0,0,1,2,0,0,0
300,B0,0,6,21,10,0,0,0,0,0,0,0,0,0,0,1,1,0,0,0
300,B1,3,12,1,9,0,0,0,0,0,0,0,0,0,0,1,2,0,0,0
300,B2,11,0,10,21,0,0,0,0,0,0,0,0,0,0,1,1,0,0,0
300,C1,20,20,1,0,0,0,0,0,0,0,0,0,0,0,1,2,0,0,0
325,A1,14,18,0,9,0,0,0,0,0,0,0,0,0,1,0,2,0,0,0
325,B0,0,5,20,17,0,0,0,0,0,0,0,0,0,1,0,1,0,0,0
325,B1,2,15,1,6,0,0,0,0,0,0,0,0,0,1,0,2,0,0,0
325,B2,10,0,17,20,0,0,0,0,0,0,0,0,0,1,0,1,0,0,0
325,C1,19,14,2,0,0,0,0,0,0,0,0,0,0,1,0,2,0,0,0
350,A1,10,21,0,13,0,0,0,0,0,0,0,0,0,1,0,2,0,0,0
350,B0,0,2,20,20,0,0,0,0,0,0,0,0,0,1,0,1,0,0,0
350,B1,1,11,5,8,0,0,0,0,0,0,0,0,0,1,0,1,0,0,0
350,B2,4,0,20,20,0,0,0,0,0,0,0,0,0,1,0,1,0,0,0
350,C1,21,11,5,0,0,0,0,0,0,0,0,0,0,1,0,2,0,0,0
375,A1,16,20,0,11,0,0,0,0,0,0,0,0,0,0,1,2,0,0,0
375,B0,0,4,20,16,0,0,0,0,0,0,0,0,0,0,1,1,0,0,0
375,B1,1,7,3,11,0,0,0,0,0,0,0,0,0,0,1,1,0,0,0
375,B2,3,0,16,20,0,0,0,0,0,0,0,0,0,0,1,1,0,0,0
375,C1,20,16,6,0,0,0,0,0,0,0,0,0,0,0,1,2,0,0,0
400,A1,20,20,0,1,0,0,0,0,0,0,0,0,0,0,1,2,0,0,0
400,B0,0,8,21,11,0,0,0,0,0,0,0,0,0,0,1,1,0,0,0
400,B1,2,8,4,8,0,0,0,0,0,0,0,0,0,0,1,1,0,0,0
400,B2,7,0,10,21,0,0,0,0,0,0,0,0,0,0,1,1,0,0,0
400,C1,20,20,1,0,0,0,0,0,0,0,0,0,0,0,1,2,0,0,0
425,A1,17,19,0,4,0,0,0,0,0,0,0,0,0,1,0,2,0,0,0
425,B0,0,8,20,15,0,0,0,0,0,0,0,0,0,1,0,1,0,0,0
425,B1,3,11,1,2,0,0,0,0,0,0,0,0,0,1,0,2,0,0,0
425,B2,5,0,15,20,0,0,0,0,0,0,0,0,0,1,0,1,0,0,0
425,C1,20,17,2,0,0,0,0,0,0,0,0,0,0,1,0,2,0,0,0
450,A1,11,21,0,5,0,0,0,0,0,0,0,0,0,1,0,2,0,0,0
450,B0,0,4,20,20,0,0,0,0,0,0,0,0,0,1,0,1,0,0,0
450,B1,1,5,3,5,0,0,0,0,0,0,0,0,0,1,0,1,0,0,0
450,B2,3,0,20,20,0,0,0,0,0,0,0,0,0,1,0,1,0,0,0
450,C1,21,10,4,0,0,0,0,0,0,0,0,0,0,1,0,2,0,0,0
475,A1,14,20,0,8,0,0,0,0,0,0,0,0,0,0,1,2,0,0,0
475,B0,0,3,20,18,0,0,0,0,0,0,0,0,0,0,1,1,0,0,0
475,B1,1,1,5,8,0,0,0,0,0,0,0,0,0,0,1,1,0,0,0
475,B2,1,0,18,20,0,0,0,0,0,0,0,0,0,0,1,1,0,0,0
475,C1,20,14,9,0,0,0,0,0,0,0,0,0,0,0,1,2,0,0,0
500,A1,20,20,0,2,0,0,0,0,0,0,0,0,0,0,1,2,0,0,0
500,B0,0,3,21,11,0,0,0,0,0,0,0,0,0,0,1,1,0,0,0
500,B1,3,2,2,4,0,0,0,0,0,0,0,0,0,0,1,1,0,0,0
500,B2,2,0,10,21,0,0,0,0,0,0,0,0,0,0,1,1,0,0,0
500,C1,20,20,1,0,0,0,0,0,0,0,0,0,0,0,1,2,0,0,0
525,A1,19,20,0,1,0,0,0,0,0,0,0,0,0,1,0,2,0,0,0
525,B0,0,7,20,13,0,0,0,0,0,0,0,0,0,1,0,1,0,0,0
525,B1,2,6,1,1,0,0,0,0,0,0,0,0,0,1,0,2,0,0,0
525,B2,3,0,13,20,0,0,0,0,0,0,0,0,0,1,0,1,0,0,0
525,C1,20,19,2,0,0,0,0,0,0,0,0,0,0,1,0,2,0,0,0
550,A1,11,21,0,2,0,0,0,0,0,0,0,0,0,1,0,2,0,0,0
550,B0,0,2,20,20,0,0,0,0,0,0,0,0,0,1,0,1,0,0,0
550,B1,3,6,1,2,0,0,0,0,0,0,0,0,0,1,0,2,0,0,0
550,B2,3,0,20,20,0,0,0,0,0,0,0,0,0,1,0,1,0,0,0
550,C1,21,10,2,0,0,0,0,0,0,0,0,0,0,1,0,2,0,0,0
575,A1,11,19,0,4,0,0,0,0,0,0,0,0,0,1,0,2,0,0,0
575,B0,0,3,20,20,0,0,0,0,0,0,0,0,0,1,0,1,0,0,0
575,B1,1,1,5,4,0,0,0,0,0,0,0,0,0,1,0,1,0,0,0
575,B2,2,0,20,20,0,0,0,0,0,0,0,0,0,1,0,1,0,0,0
575,C1,20,11,4,0,0,0,0,0,0,0,0,0,0,1,0,2,0,0,0
600,A1,17,20,0,1,0,0,0,0,0,0,0,0,0,0,1,2,0,0,0
600,B0,0,4,19,11,0,0,0,0,0,0,0,0,0,0,1,1,0,0,0
600,B1,1,2,3,5,0,0,0,0,0,0,0,0,0,0,1,1,0,0,0
600,B2,2,0,11,20,0,0,0,0,0,0,0,0,0,0,1,1,0,0,0
600,C1,20,20,2,0,0,0,0,0,0,0,0,0,0,0,1,2,0,0,0
625,A1,19,20,0,2,0,0,0,0,0,0,0,0,0,0,1,2,0,0,0
625,B0,0,5,21,10,0,0,0,0,0,0,0,0,0,0,1,1,0,0,0
625,B1,3,4,1,1,0,0,0,0,0,0,0,0,0,0,1,2,0,0,0
625,B2,4,0,10,20,0,0,0,0,0,0,0,0,0,0,1,1,0,0,0
625,C1,20,20,1,0,0,0,0,0,0,0,0,0,0,0,1,2,0,0,0
650,A1,12,20,0,2,0,0,0,0,0,0,0,0,0,1,0,2,0,0,0
650,B0,0,3,20,17,0,0,0,0,0,0,0,0,0,1,0,1,0,0,0
650,B1,2,3,1,1,0,0,0,0,0,0,0,0,0,1,0,2,0,0,0
650,B2,1,0,20,20,0,0,0,0,0,0,0,0,0,1,0,1,0,0,0
650,C1,20,12,3,0,0,0,0,0,0,0,0,0,0,1,0,2,0,0,0
675,A1,10,21,0,5,0,0,0,0,0,0,0,0,0,1,0,2,0,0,0
675,B0,0,1,20,19,0,0,0,0,0,0,0,0,0,1,0,1,0,0,0
675,B1,1,1,2,3,0,0,0,0,0,0,0,0,0,1,0,1,0,0,0
675,B2,2,0,20,20,0,0,0,0,0,0,0,0,0,1,0,1,0,0,0
675,C1,21,11,5,0,0,0,0,0,0,0,0,0,0,1,0,2,0,0,0
700,A1,19,20,0,1,0,0,0,0,0,0,0,0,0,0,1,2,0,0,0
700,B0,0,2,20,13,0,0,0,0,0,0,0,0,0,0,1,1,0,0,0
700,B1,1,1,3,4,0,0,0,0,0,0,0,0,0,0,1,1,0,0,0
700,B2,1,0,13,20,0,0,0,0,0,0,0,0,0,0,1,1,0,0,0
700,C1,20,19,1,0,0,0,0,0,0,0,0,0,0,0,1,2,0,0,0
725,A1,20,20,0,1,0,0,0,0,0,0,0,0,0,0,1,2,0,0,0
725,B0,0,3,21,10,0,0,0,0,0,0,0,0,0,0,1,1,0,0,0
725,B1,3,3,1,1,0,0,0,0,0,0,0,0,0,0,1,2,0,0,0
725,B2,5,0,11,18,0,0,0,0,0,0,0,0,0,0,1,1,0,0,0
725,C1,20,20,2,0,0,0,0,0,0,0,0,0,0,0,1,2,0,0,0
750,A1,13,18,0,1,0,0,0,0,0,0,0,0,0,1,0,2,0,0,0
750,B0,0,1,20,18,0,0,0,0,0,0,0,0,0,1,0,1,0,0,0
750,B1,3,3,1,1,0,0,0,0,0,0,0,0,0,1,0,2,0,0,0
750,B2,2,0,18,19,0,0,0,0,0,0,0,0,0,1,0,1,0,0,0
750,C1,20,14,1,0,0,0,0,0,0,0,0,0,0,1,0,2,0,0,0
775,A1,11,21,0,2,0,0,0,0,0,0,0,0,0,1,0,2,0,0,0
775,B0,0,1,20,20,0,0,0,0,0,0,0,0,0,1,0,1,0,0,0
775,B1,1,1,2,2,0,0,0,0,0,0,0,0,0,1,0,1,0,0,0
775,B2,2,0,20,20,0,0,0,0,0,0,0,0,0,1,0,1,0,0,0
775,C1,19,10,4,0,0,0,0,0,0,0,0,0,0,1,0,2,0,0,0
800,A1,14,20,0,1,0,0,0,0,0,0,0,0,0,0,1,2,0,0,0
800,B0,0,2,20,15,0,0,0,0,0,0,0,0,0,0,1,1,0,0,0
800,B1,1,1,5,1,0,0,0,0,0,0,0,0,0,0,1,1,0,0,0
800,B2,3,0,15,20,0,0,0,0,0,0,0,0,0,0,1,1,0,0,0
800,C1,20,17,1,0,0,0,0,0,0,0,0,0,0,0,1,2,0,0,0
825,A1,15,20,0,2,0,0,0,0,0,0,0,0,0,0,1,2,0,0,0
825,B0,0,5,21,10,0,0,0,0,0,0,0,0,0,0,1,1,0,0,0
825,B1,4,1,1,1,0,0,0,0,0,0,0,0,0,0,1,2,0,0,0
825,B2,7,0,10,21,0,0,0,0,0,0,0,0,0,0,1,1,0,0,0
825,C1,20,20,2,0,0,0,0,0,0,0,0,0,0,0,1,2,0,0,0
850,A1,15,20,0,1,0,0,0,0,0,0,0,0,0,1,0,2,0,0,0
850,B0,0,2,20,15,0,0,0,0,0,0,0,0,0,1,0,1,0,0,0
850,B1,5,5,1,1,0,0,0,0,0,0,0,0,0,1,0,2,0,0,0
850,B2,5,0,15,20,0,0,0,0,0,0,0,0,0,1,0,1,0,0,0
850,C1,20,16,2,0,0,0,0,0,0,0,0,0,0,1,0,2,0,0,0
875,A1,10,19,0,1,0,0,0,0,0,0,0,0,0,1,0,2,0,0,0
875,B0,0,3,20,16,0,0,0,0,0,0,0,0,0,1,0,1,0,0,0
875,B1,1,2,1,2,0,0,0,0,0,0,0,0,0,1,0,1,0,0,0
875,B2,2,0,20,20,0,0,0,0,0,0,0,0,0,1,0,1,0,0,0
875,C1,20,10,5,0,0,0,0,0,0,0,0,0,0,1,0,2,0,0,0
900,A1,8,20,0,3,0,0,0,0,0,0,0,0,0,0,1,2,0,0,0
900,B0,0,2,20,15,0,0,0,0,0,0,0,0,0,0,1,1,0,0,0
900,B1,1,1,1,4,0,0,0,0,0,0,0,0,0,0,1,1,0,0,0
900,B2,2,0,17,20,0,0,0,0,0,0,0,0,0,0,1,1,0,0,0
900,C1,20,14,7,0,0,0,0,0,0,0,0,0,0,0,1,2,0,0,0
925,A1,13,20,0,1,0,0,0,0,0,0,0,0,0,0,1,2,0,0,0
925,B0,0,4,20,10,0,0,0,0,0,0,0,0,0,0,1,1,0,0,0
925,B1,1,1,1,4,0,0,0,0,0,0,0,0,0,0,1,1,0,0,0
925,B2,3,0,11,20,0,0,0,0,0,0,0,0,0,0,1,1,0,0,0
925,C1,20,20,2,0,0,0,0,0,0,0,0,0,0,0,1,2,0,0,0
950,A1,16,20,0,1,0,0,0,0,0,0,0,0,0,1,0,2,0,0,0
950,B0,0,3,20,7,0,0,0,0,0,0,0,0,0,1,0,1,0,0,0
950,B1,4,6,1,1,0,0,0,0,0,0,0,0,0,1,0,2,0,0,0
950,B2,6,0,13,19,0,0,0,0,0,0,0,0,0,1,0,1,0,0,0
950,C1,20,19,1,0,0,0,0,0,0,0,0,0,0,1,0,2,0,0,0
975,A1,10,21,0,2,0,0,0,0,0,0,0,0,0,1,0,2,0,0,0
975,B0,0,1,20,10,0,0,0,0,0,0,0,0,0,1,0,1,0,0,0
975,B1,2,2,1,2,0,0,0,0,0,0,0,0,0,1,0,2,0,0,0
975,B2,3,0,20,20,0,0,0,0,0,0,0,0,0,1,0,1,0,0,0
975,C1,21,10,3,0,0,0,0,0,0,0,0,0,0,1,0,2,0,0,0
1000,A1,8,20,0,5,0,0,0,0,0,0,0,0,0,0,1,2,0,0,0
1000,B0,0,1,20,11,0,0,0,0,0,0,0,0,0,0,1,1,0,0,0
1000,B1,1,1,4,4,0,0,0,0,0,0,0,0,0,0,1,1,0,0,0
1000,B2,1,0,20,20,0,0,0,0,0,0,0,0,0,0,1,1,0,0,0
1000,C1,20,12,8,0,0,0,0,0,0,0,0,0,0,0,1,2,0,0,0
1025,A1,12,20,0,2,0,0,0,0,0,0,0,0,0,0,1,2,0,0,0
1025,B0,0,1,21,7,0,0,0,0,0,0,0,0,0,0,1,1,0,0,0
1025,B1,3,1,4,3,0,0,0,0,0,0,0,0,0,0,1,1,0,0,0
1025,B2,1,0,11,21,0,0,0,0,0,0,0,0,0,0,1,1,0,0,0
1025,C1,20,19,2,0,0,0,0,0,0,0,0,0,0,0,1,2,0,0,0
1050,A1,14,20,0,1,0,0,0,0,0,0,0,0,0,0,1,2,0,0,0
1050,B0,0,1,20,3,0,0,0,0,0,0,0,0,0,0,1,1,0,0,0
1050,B1,4,3,1,1,0,0,0,0,0,0,0,0,0,0,1,2,0,0,0
1050,B2,3,0,11,21,0,0,0,0,0,0,0,0,0,0,1,1,0,0,0
1050,C1,20,20,1,0,0,0,0,0,0,0,0,0,0,0,1,2,0,0,0
1075,A1,8,21,0,1,0,0,0,0,0,0,0,0,0,1,0,2,0,0,0
1075,B0,0,1,20,8,0,0,0,0,0,0,0,0,0,1,0,1,0,0,0
1075,B1,3,3,1,2,0,0,0,0,0,0,0,0,0,1,0,2,0,0,0
1075,B2,3,0,20,20,0,0,0,0,0,0,0,0,0,1,0,1,0,0,0
1075,C1,20,10,1,0,0,0,0,0,0,0,0,0,0,1,0,2,0,0,0
1100,A1,5,21,0,1,0,0,0,0,0,0,0,0,0,1,0,2,0,0,0
1100,B0,0,2,20,8,0,0,0,0,0,0,0,0,0,1,0,1,0,0,0
1100,B1,1,1,1,4,0,0,0,0,0,0,0,0,0,1,0,1,0,0,0
1100,B2,2,0,20,20,0,0,0,0,0,0,0,0,0,1,0,1,0,0,0
1100,C1,20,11,4,0,0,0,0,0,0,0,0,0,0,1,0,2,0,0,0
1125,A1,7,20,0,3,0,0,0,0,0,0,0,0,0,0,1,2,0,0,0
1125,B0,0,1,20,5,0,0,0,0,0,0,0,0,0,0,1,1,0,0,0
1125,B1,1,1,2,5,0,0,0,0,0,0,0,0,0,0,1,1,0,0,0
1125,B2,1,0,13,20,0,0,0,0,0,0,0,0,0,0,1,1,0,0,0
1125,C1,20,17,1,0,0,0,0,0,0,0,0,0,0,0,1,2,0,0,0
1150,A1,7,20,0,6,0,0,0,0,0,0,0,0,0,0,1,2,0,0,0
1150,B0,0,5,21,2,0,0,0,0,0,0,0,0,0,0,1,1,0,0,0
1150,B1,2,4,1,1,0,0,0,0,0,0,0,0,0,0,1,2,0,0,0
1150,B2,6,0,10,21,0,0,0,0,0,0,0,0,0,0,1,1,0,0,0
1150,C1,20,18,2,0,0,0,0,0,0,0,0,0,0,0,1,2,0,0,0
1175,A1,4,20,0,6,0,0,0,0,0,0,0,0,0,1,0,2,0,0,0
1175,B0,0,1,20,5,0,0,0,0,0,0,0,0,0,1,0,1,0,0,0
1175,B1,2,3,1,1,0,0,0,0,0,0,0,0,0,1,0,2,0,0,0
1175,B2,1,0,18,20,0,0,0,0,0,0,0,0,0,1,0,1,0,0,0
1175,C1,20,14,2,0,0,0,0,0,0,0,0,0,0,1,0,2,0,0,0
1200,A1,3,20,0,7,0,0,0,0,0,0,0,0,0,1,0,2,0,0,0
1200,B0,0,2,20,6,0,0,0,0,0,0,0,0,0,1,0,1,0,0,0
1200,B1,1,1,2,2,0,0,0,0,0,0,0,0,0,1,0,1,0,0,0
1200,B2,4,0,20,20,0,0,0,0,0,0,0,0,0,1,0,1,0,0,0
1200,C1,20,11,5,0,0,0,0,0,0,0,0,0,0,1,0,2,0,0,0
1225,A1,3,19,0,8,0,0,0,0,0,0,0,0,0,0,1,2,0,0,0
1225,B0,0,3,20,3,0,0,0,0,0,0,0,0,0,0,1,1,0,0,0
1225,B1,1,1,6,8,0,0,0,0,0,0,0,0,0,0,1,1,0,0,0
1225,B2,3,0,15,20,0,0,0,0,0,0,0,0,0,0,1,1,0,0,0
1225,C1,20,11,1,0,0,0,0,0,0,0,0,0,0,0,1,2,0,0,0
1250,A1,7,19,0,9,0,0,0,0,0,0,0,0,0,0,1,2,0,0,0
1250,B0,0,4,20,2,0,0,0,0,0,0,0,0,0,0,1,1,0,0,0
1250,B1,5,3,3,2,0,0,0,0,0,0,0,0,0,0,1,2,0,0,0
1250,B2,7,0,11,20,0,0,0,0,0,0,0,0,0,0,1,1,0,0,0
1250,C1,20,11,3,0,0,0,0,0,0,0,0,0,0,0,1,2,0,0,0
1275,A1,6,20,0,12,0,0,0,0,0,0,0,0,0,1,0,2,0,0,0
1275,B0,0,3,19,3,0,0,0,0,0,0,0,0,0,1,0,1,0,0,0
1275,B1,3,4,1,1,0,0,0,0,0,0,0,0,0,1,0,2,0,0,0
1275,B2,3,0,16,20,0,0,0,0,0,0,0,0,0,1,0,1,0,0,0
1275,C1,20,10,1,0,0,0,0,0,0,0,0,0,0,1,0,2,0,0,0
1300,A1,3,19,0,11,0,0,0,0,0,0,0,0,0,1,0,2,0,0,0
1300,B0,0,2,19,5,0,0,0,0,0,0,0,0,0,1,0,1,0,0,0
1300,B1,2,1,2,2,0,0,0,0,0,0,0,0,0,1,0,1,0,0,0
1300,B2,5,0,20,20,0,0,0,0,0,0,0,0,0,1,0,1,0,0,0
1300,C1,20,4,5,0,0,0,0,0,0,0,0,0,0,1,0,2,0,0,0
1325,A1,2,18,0,10,0,0,0,0,0,0,0,0,0,0,1,2,0,0,0
1325,B0,0,3,20,4,0,0,0,0,0,0,0,0,0,0,1,1,0,0,0
1325,B1,1,1,6,3,0,0,0,0,0,0,0,0,0,0,1,1,0,0,0
1325,B2,3,0,17,20,0,0,0,0,0,0,0,0,0,0,1,1,0,0,0
1325,C1,20,8,4,0,0,0,0,0,0,0,0,0,0,0,1,2,0,0,0
1350,A1,3,20,0,4,0,0,0,0,0,0,0,0,0,0,1,2,0,0,0
1350,B0,0,4,20,4,0,0,0,0,0,0,0,0,0,0,1,1,0,0,0
1350,B1,1,3,2,1,0,0,0,0,0,0,0,0,0,0,1,2,0,0,0
1350,B2,4,0,11,21,0,0,0,0,0,0,0,0,0,0,1,1,0,0,0
1350,C1,20,10,1,0,0,0,0,0,0,0,0,0,0,0,1,2,0,0,0
1375,A1,2,20,0,6,0,0,0,0,0,0,0,0,0,1,0,2,0,0,0
1375,B0,0,4,19,3,0,0,0,0,0,0,0,0,0,1,0,1,0,0,0
1375,B1,3,4,1,1,0,0,0,0,0,0,0,0,0,1,0,2,0,0,0
1375,B2,7,0,13,20,0,0,0,0,0,0,0,0,0,1,0,1,0,0,0
1375,C1,21,10,2,0,0,0,0,0,0,0,0,0,0,1,0,2,0,0,0
1400,A1,1,20,0,6,0,0,0,0,0,0,0,0,0,1,0,2,0,0,0
1400,B0,0,1,19,6,0,0,0,0,0,0,0,0,0,1,0,1,0,0,0
1400,B1,1,1,1,1,0,0,0,0,0,0,0,0,0,1,0,1,0,0,0
1400,B2,1,0,19,20,0,0,0,0,0,0,0,0,0,1,0,1,0,0,0
1400,C1,21,6,2,0,0,0,0,0,0,0,0,0,0,1,0,2,0,0,0
1425,A1,4,19,0,12,0,0,0,0,0,0,0,0,0,0,1,2,0,0,0
1425,B0,0,1,20,9,0,0,0,0,0,0,0,0,0,0,1,1,0,0,0
1425,B1,1,1,2,6,0,0,0,0,0,0,0,0,0,0,1,1,0,0,0
1425,B2,1,0,19,20,0,0,0,0,0,0,0,0,0,0,1,1,0,0,0
1425,C1,20,5,5,0,0,0,0,0,0,0,0,0,0,0,1,2,0,0,0
1450,A1,7,19,0,14,0,0,0,0,0,0,0,0,0,0,1,2,0,0,0
1450,B0,0,1,21,3,0,0,0,0,0,0,0,0,0,0,1,1,0,0,0
1450,B1,2,1,2,2,0,0,0,0,0,0,0,0,0,0,1,1,0,0,0
1450,B2,1,0,10,20,0,0,0,0,0,0,0,0,0,0,1,1,0,0,0
1450,C1,20,10,1,0,0,0,0,0,0,0,0,0,0,0,1,2,0,0,0
1475,A1,9,19,0,16,0,0,0,0,0,0,0,0,0,0,1,2,0,0,0
1475,B0,0,6,19,3,0,0,0,0,0,0,0,0,0,0,1,1,0,0,0
1475,B1,2,4,1,1,0,0,0,0,0,0,0,0,0,0,1,2,0,0,0
1475,B2,3,0,9,20,0,0,0,0,0,0,0,0,0,0,1,1,0,0,0
1475,C1,20,11,1,0,0,0,0,0,0,0,0,0,0,0,1,2,0,0,0
1500,A1,7,21,0,17,0,0,0,0,0,0,0,0,0,1,0,2,0,0,0
1500,B0,0,1,19,5,0,0,0,0,0,0,0,0,0,1,0,1,0,0,0
1500,B1,1,2,1,1,0,0,0,0,0,0,0,0,0,1,0,2,0,0,0
1500,B2,2,0,12,20,0,0,0,0,0,0,0,0,0,1,0,1,0,0,0
1500,C1,20,6,1,0,0,0,0,0,0,0,0,0,0,1,0,2,0,0,0
1525,A1,1,21,0,20,0,0,0,0,0,0,0,0,0,1,0,2,0,0,0
1525,B0,0,2,19,6,0,0,0,0,0,0,0,0,0,1,0,1,0,0,0
1525,B1,1,1,3,5,0,0,0,0,0,0,0,0,0,1,0,1,0,0,0
1525,B2,1,0,14,20,0,0,0,0,0,0,0,0,0,1,0,1,0,0,0
1525,C1,20,7,3,0,0,0,0,0,0,0,0,0,0,1,0,2,0,0,0
1550,A1,4,20,0,17,0,0,0,0,0,0,0,0,0,0,1,2,0,0,0
1550,B0,0,3,20,2,0,0,0,0,0,0,0,0,0,0,1,1,0,0,0
1550,B1,1,1,4,4,0,0,0,0,0,0,0,0,0,0,1,1,0,0,0
1550,B2,1,0,11,21,0,0,0,0,0,0,0,0,0,0,1,1,0,0,0
1550,C1,19,5,1,0,0,0,0,0,0,0,0,0,0,0,1,2,0,0,0
1575,A1,5,20,0,19,0,0,0,0,0,0,0,0,0,0,1,2,0,0,0
1575,B0,0,4,19,2,0,0,0,0,0,0,0,0,0,0,1,1,0,0,0
1575,B1,2,1,1,1,0,0,0,0,0,0,0,0,0,0,1,2,0,0,0
1575,B2,4,0,6,21,0,0,0,0,0,0,0,0,0,0,1,1,0,0,0
1575,C1,19,5,2,0,0,0,0,0,0,0,0,0,0,0,1,2,0,0,0
1600,A1,3,20,0,19,0,0,0,0,0,0,0,0,0,1,0,2,0,0,0
1600,B0,0,2,20,3,0,0,0,0,0,0,0,0,0,1,0,1,0,0,0
1600,B1,3,3,1,1,0,0,0,0,0,0,0,0,0,1,0,2,0,0,0
1600,B2,1,0,8,20,0,0,0,0,0,0,0,0,0,1,0,1,0,0,0
1600,C1,21,2,2,0,0,0,0,0,0,0,0,0,0,1,0,2,0,0,0
1625,A1,1,21,0,20,0,0,0,0,0,0,0,0,0,1,0,2,0,0,0
1625,B0,0,1,20,4,0,0,0,0,0,0,0,0,0,1,0,1,0,0,0
1625,B1,1,1,7,4,0,0,0,0,0,0,0,0,0,1,0,1,0,0,0
1625,B2,1,0,10,20,0,0,0,0,0,0,0,0,0,1,0,1,0,0,0
1625,C1,21,4,7,0,0,0,0,0,0,0,0,0,0,1,0,2,0,0,0
1650,A1,1,20,0,20,0,0,0,0,0,0,0,0,0,0,1,2,0,0,0
1650,B0,0,1,20,2,0,0,0,0,0,0,0,0,0,0,1,1,0,0,0
1650,B1,1,1,1,4,0,0,0,0,0,0,0,0,0,0,1,1,0,0,0
1650,B2,2,0,10,20,0,0,0,0,0,0,0,0,0,0,1,1,0,0,0
1650,C1,20,5,3,0,0,0,0,0,0,0,0,0,0,0,1,2,0,0,0
1675,A1,2,20,0,20,0,0,0,0,0,0,0,0,0,0,1,2,0,0,0
1675,B0,0,5,19,2,0,0,0,0,0,0,0,0,0,0,1,1,0,0,0
1675,B1,1,3,1,1,0,0,0,0,0,0,0,0,0,0,1,2,0,0,0
1675,B2,6,0,5,20,0,0,0,0,0,0,0,0,0,0,1,1,0,0,0
1675,C1,20,8,1,0,0,0,0,0,0,0,0,0,0,0,1,2,0,0,0
1700,A1,2,19,0,20,0,0,0,0,0,0,0,0,0,1,0,2,0,0,0
1700,B0,0,3,19,5,0,0,0,0,0,0,0,0,0,1,0,1,0,0,0
1700,B1,1,4,1,1,0,0,0,0,0,0,0,0,0,1,0,2,0,0,0
1700,B2,2,0,3,20,0,0,0,0,0,0,0,0,0,1,0,1,0,0,0
1700,C1,20,6,1,0,0,0,0,0,0,0,0,0,0,1,0,2,0,0,0
1725,A1,1,19,0,20,0,0,0,0,0,0,0,0,0,1,0,2,0,0,0
1725,B0,0,5,20,6,0,0,0,0,0,0,0,0,0,1,0,1,0,0,0
1725,B1,1,1,3,2,0,0,0,0,0,0,0,0,0,1,0,1,0,0,0
1725,B2,1,0,5,20,0,0,0,0,0,0,0,0,0,1,0,1,0,0,0
1725,C1,20,1,1,0,0,0,0,0,0,0,0,0,0,1,0,2,0,0,0
1750,A1,1,18,0,20,0,0,0,0,0,0,0,0,0,0,1,2,0,0,0
1750,B0,0,1,20,4,0,0,0,0,0,0,0,0,0,0,1,1,0,0,0
1750,B1,1,1,4,1,0,0,0,0,0,0,0,0,0,0,1,1,0,0,0
1750,B2,1,0,4,21,0,0,0,0,0,0,0,0,0,0,1,1,0,0,0
1750,C1,20,4,2,0,0,0,0,0,0,0,0,0,0,0,1,2,0,0,0
1775,A1,3,20,0,20,0,0,0,0,0,0,0,0,0,0,1,2,0,0,0
1775,B0,0,4,20,3,0,0,0,0,0,0,0,0,0,0,1,1,0,0,0
1775,B1,1,1,1,1,0,0,0,0,0,0,0,0,0,0,1,1,0,0,0
1775,B2,4,0,2,20,0,0,0,0,0,0,0,0,0,0,1,1,0,0,0
1775,C1,20,4,2,0,0,0,0,0,0,0,0,0,0,0,1,2,0,0,0
1800,A1,6,20,0,20,0,0,0,0,0,0,0,0,0,1,0,2,0,0,0
1800,B0,0,4,20,3,0,0,0,0,0,0,0,0,0,1,0,1,0,0,0
1800,B1,5,2,1,1,0,0,0,0,0,0,0,0,0,1,0,2,0,0,0
1800,B2,2,0,2,19,0,0,0,0,0,0,0,0,0,1,0,1,0,0,0
1800,C1,20,5,1,0,0,0,0,0,0,0,0,0,0,1,0,2,0,0,0
1825,A1,2,21,0,20,0,0,0,0,0,0,0,0,0,1,0,2,0,0,0
1825,B0,0,1,20,4,0,0,0,0,0,0,0,0,0,1,0,1,0,0,0
1825,B1,1,1,1,2,0,0,0,0,0,0,0,0,0,1,0,1,0,0,0
1825,B2,2,0,4,20,0,0,0,0,0,0,0,0,0,1,0,1,0,0,0
1825,C1,19,4,3,0,0,0,0,0,0,0,0,0,0,1,0,2,0,0,0
1850,A1,1,19,0,20,0,0,0,0,0,0,0,0,0,0,1,2,0,0,0
1850,B0,0,1,20,6,0,0,0,0,0,0,0,0,0,0,1,1,0,0,0
1850,B1,1,1,5,5,0,0,0,0,0,0,0,0,0,0,1,1,0,0,0
1850,B2,1,0,4,20,0,0,0,0,0,0,0,0,0,0,1,1,0,0,0
1850,C1,16,1,2,0,0,0,0,0,0,0,0,0,0,0,1,2,0,0,0
1875,A1,3,20,0,14,0,0,0,0,0,0,0,0,0,0,1,2,0,0,0
1875,B0,0,1,21,6,0,0,0,0,0,0,0,0,0,0,1,1,0,0,0
1875,B1,1,1,1,4,0,0,0,0,0,0,0,0,0,0,1,1,0,0,0
1875,B2,1,0,2,20,0,0,0,0,0,0,0,0,0,0,1,1,0,0,0
1875,C1,19,4,1,0,0,0,0,0,0,0,0,0,0,0,1,2,0,0,0
1900,A1,5,20,0,15,0,0,0,0,0,0,0,0,0,0,1,2,0,0,0
1900,B0,0,3,19,2,0,0,0,0,0,0,0,0,0,0,1,1,0,0,0
1900,B1,4,3,1,1,0,0,0,0,0,0,0,0,0,0,1,2,0,0,0
1900,B2,2,0,1,19,0,0,0,0,0,0,0,0,0,0,1,1,0,0,0
1900,C1,20,5,3,0,0,0,0,0,0,0,0,0,0,0,1,2,0,0,0
1925,A1,1,21,0,20,0,0,0,0,0,0,0,0,0,1,0,2,0,0,0
1925,B0,0,1,19,2,0,0,0,0,0,0,0,0,0,1,0,1,0,0,0
1925,B1,2,3,1,1,0,0,0,0,0,0,0,0,0,1,0,2,0,0,0
1925,B2,2,0,2,20,0,0,0,0,0,0,0,0,0,1,0,1,0,0,0
1925,C1,20,1,3,0,0,0,0,0,0,0,0,0,0,1,0,2,0,0,0
1950,A1,1,17,0,20,0,0,0,0,0,0,0,0,0,1,0,2,0,0,0
1950,B0,0,1,20,2,0,0,0,0,0,0,0,0,0,1,0,1,0,0,0
1950,B1,1,1,5,2,0,0,0,0,0,0,0,0,0,1,0,1,0,0,0
1950,B2,1,0,5,20,0,0,0,0,0,0,0,0,0,1,0,1,0,0,0
1950,C1,15,1,8,0,0,0,0,0,0,0,0,0,0,1,0,2,0,0,0
1975,A1,3,20,0,17,0,0,0,0,0,0,0,0,0,0,1,2,0,0,0
1975,B0,0,1,20,2,0,0,0,0,0,0,0,0,0,0,1,1,0,0,0
1975,B1,1,1,7,4,0,0,0,0,0,0,0,0,0,0,1,1,0,0,0
1975,B2,1,0,2,20,0,0,0,0,0,0,0,0,0,0,1,1,0,0,0
1975,C1,19,3,1,0,0,0,0,0,0,0,0,0,0,0,1,2,0,0,0
2000,A1,4,20,0,20,0,0,0,0,0,0,0,0,0,0,1,2,0,0,0
2000,B0,0,2,14,1,0,0,0,0,0,0,0,0,0,0,1,1,0,0,0
2000,B1,3,4,3,1,0,0,0,0,0,0,0,0,0,0,1,2,0,0,0
2000,B2,3,0,1,16,0,0,0,0,0,0,0,0,0,0,1,1,0,0,0
2000,C1,20,5,1,0,0,0,0,0,0,0,0,0,0,0,1,2,0,0,0
2025,A1,1,20,0,20,0,0,0,0,0,0,0,0,0,1,0,2,0,0,0
2025,B0,0,1,19,3,0,0,0,0,0,0,0,0,0,1,0,1,0,0,0
2025,B1,7,6,1,1,0,0,0,0,0,0,0,0,0,1,0,2,0,0,0
2025,B2,2,0,2,19,0,0,0,0,0,0,0,0,0,1,0,1,0,0,0
2025,C1,20,2,3,0,0,0,0,0,0,0,0,0,0,1,0,2,0,0,0
2050,A1,1,19,0,20,0,0,0,0,0,0,0,0,0,1,0,2,0,0,0
2050,B0,0,2,20,5,0,0,0,0,0,0,0,0,0,1,0,1,0,0,0
2050,B1,1,1,1,2,0,0,0,0,0,0,0,0,0,1,0,1,0,0,0
2050,B2,1,0,2,20,0,0,0,0,0,0,0,0,0,1,0,1,0,0,0
2050,C1,18,1,5,0,0,0,0,0,0,0,0,0,0,1,0,2,0,0,0
2075,A1,2,18,0,19,0,0,0,0,0,0,0,0,0,0,1,2,0,0,0
2075,B0,0,1,20,2,0,0,0,0,0,0,0,0,0,0,1,1,0,0,0
2075,B1,1,1,5,2,0,0,0,0,0,0,0,0,0,0,1,1,0,0,0
2075,B2,2,0,1,19,0,0,0,0,0,0,0,0,0,0,1,1,0,0,0
2075,C1,17,2,5,0,0,0,0,0,0,0,0,0,0,0,1,2,0,0,0
2100,A1,3,20,0,19,0,0,0,0,0,0,0,0,0,0,1,2,0,0,0
2100,B0,0,6,21,1,0,0,0,0,0,0,0,0,0,0,1,1,0,0,0
2100,B1,1,1,1,1,0,0,0,0,0,0,0,0,0,0,1,1,0,0,0
2100,B2,4,0,1,19,0,0,0,0,0,0,0,0,0,0,1,1,0,0,0
2100,C1,20,3,1,0,0,0,0,0,0,0,0,0,0,0,1,2,0,0,0
2125,A1,4,16,0,19,0,0,0,0,0,0,0,0,0,1,0,2,1,4,1
2125,B0,0,2,20,2,0,0,0,0,0,0,0,0,0,1,0,1,0,0,0
2125,B1,2,2,1,1,0,0,0,0,0,0,0,0,0,1,0,2,0,0,0
2125,B2,2,0,2,19,0,0,0,0,0,0,0,0,0,1,0,1,0,0,0
2125,C1,20,1,2,0,0,0,0,0,0,0,0,0,0,1,0,2,0,0,0
2150,A1,1,20,0,20,0,0,0,0,0,0,0,0,0,1,0,2,1,4,1
2150,B0,0,1,20,4,0,0,0,0,0,0,0,0,0,1,0,1,0,0,0
2150,B1,1,1,3,1,0,0,0,0,0,0,0,0,0,1,0,1,0,0,0
2150,B2,1,0,6,20,0,0,0,0,0,0,0,0,0,1,0,1,0,0,0
2150,C1,19,3,4,0,0,0,0,0,0,0,0,0,0,1,0,2,0,0,0
2175,A1,4,19,0,19,0,0,0,0,0,0,0,0,0,0,1,2,1,4,1
2175,B0,0,3,20,3,0,0,0,0,0,0,0,0,0,0,1,1,0,0,0
2175,B1,1,1,6,1,0,0,0,0,0,0,0,0,0,0,1,1,0,0,0
2175,B2,1,0,3,20,0,0,0,0,0,0,0,0,0,0,1,1,0,0,0
2175,C1,18,3,1,0,0,0,0,0,0,0,0,0,0,0,1,2,0,0,0
2200,A1,4,20,0,20,0,0,0,0,0,0,0,0,0,0,1,2,1,4,1
2200,B0,0,3,18,1,0,0,0,0,0,0,0,0,0,0,1,1,0,0,0
2200,B1,1,1,1,1,0,0,0,0,0,0,0,0,0,0,1,1,0,0,0
2200,B2,1,0,3,19,0,0,0,0,0,0,0,0,0,0,1,1,0,0,0
2200,C1,20,4,2,0,0,0,0,0,0,0,0,0,0,0,1,2,0,0,0
2225,A1,3,20,0,19,0,0,0,0,0,0,0,0,0,1,0,2,1,4,1
2225,B0,0,2,18,3,0,0,0,0,0,0,0,0,0,1,0,1,0,0,0
2225,B1,4,1,1,1,0,0,0,0,0,0,0,0,0,1,0,2,0,0,0
2225,B2,1,0,2,19,0,0,0,0,0,0,0,0,0,1,0,1,0,0,0
2225,C1,20,1,3,0,0,0,0,0,0,0,0,0,0,1,0,2,0,0,0
2250,A1,2,21,0,20,0,0,0,0,0,0,0,0,0,1,0,2,1,4,1
2250,B0,0,1,20,2,0,0,0,0,0,0,0,0,0,1,0,1,0,0,0
2250,B1,1,1,2,2,0,0,0,0,0,0,0,0,0,1,0,1,0,0,0
2250,B2,1,0,3,20,0,0,0,0,0,0,0,0,0,1,0,1,0,0,0
2250,C1,21,2,4,0,0,0,0,0,0,0,0,0,0,1,0,2,0,0,0
2275,A1,2,17,0,19,0,0,0,0,0,0,0,0,0,0,1,2,1,4,1
2275,B0,0,1,20,3,0,0,0,0,0,0,0,0,0,0,1,1,0,0,0
2275,B1,1,1,3,2,0,0,0,0,0,0,0,0,0,0,1,1,0,0,0
2275,B2,1,0,5,20,0,0,0,0,0,0,0,0,0,0,1,1,0,0,0
2275,C1,19,2,5,0,0,0,0,0,0,0,0,0,0,0,1,2,0,0,0
2300,A1,4,20,0,20,0,0,0,0,0,0,0,0,0,0,1,2,1,4,1
2300,B0,0,1,21,3,0,0,0,0,0,0,0,0,0,0,1,1,0,0,0
2300,B1,1,1,2,1,0,0,0,0,0,0,0,0,0,0,1,1,0,0,0
2300,B2,2,0,2,19,0,0,0,0,0,0,0,0,0,0,1,1,0,0,0
2300,C1,20,1,3,0,0,0,0,0,0,0,0,0,0,0,1,2,0,0,0
2325,A1,5,20,0,20,0,0,0,0,0,0,0,0,0,1,0,2,1,4,1
2325,B0,0,2,18,2,0,0,0,0,0,0,0,0,0,1,0,1,0,0,0
2325,B1,2,6,1,1,0,0,0,0,0,0,0,0,0,1,0,2,0,0,0
2325,B2,3,0,1,17,0,0,0,0,0,0,0,0,0,1,0,1,0,0,0
2325,C1,20,1,4,0,0,0,0,0,0,0,0,0,0,1,0,2,0,0,0
2350,A1,1,21,0,20,0,0,0,0,0,0,0,0,0,1,0,2,1,4,1
2350,B0,0,1,19,3,0,0,0,0,0,0,0,0,0,1,0,1,0,0,0
2350,B1,1,2,1,1,0,0,0,0,0,0,0,0,0,1,0,2,0,0,0
2350,B2,1,0,5,20,0,0,0,0,0,0,0,0,0,1,0,1,0,0,0
2350,C1,20,2,4,0,0,0,0,0,0,0,0,0,0,1,0,2,0,0,0
2375,A1,1,15,0,20,0,0,0,0,0,0,0,0,0,1,0,2,1,4,1
2375,B0,0,1,19,3,0,0,0,0,0,0,0,0,0,1,0,1,0,0,0
2375,B1,1,1,3,2,0,0,0,0,0,0,0,0,0,1,0,1,0,0,0
2375,B2,1,0,7,20,0,0,0,0,0,0,0,0,0,1,0,1,0,0,0
2375,C1,14,1,6,0,0,0,0,0,0,0,0,0,0,1,0,2,0,0,0
2400,A1,1,20,0,13,0,0,0,0,0,0,0,0,0,0,1,2,1,4,1
2400,B0,0,1,19,1,0,0,0,0,0,0,0,0,0,0,1,1,0,0,0
2400,B1,1,1,2,4,0,0,0,0,0,0,0,0,0,0,1,1,0,0,0
2400,B2,2,0,3,20,0,0,0,0,0,0,0,0,0,0,1,1,0,0,0
2400,C1,20,1,6,0,0,0,0,0,0,0,0,0,0,0,1,2,0,0,0
2425,A1,3,20,0,11,0,0,0,0,0,0,0,0,0,0,1,2,1,4,1
2425,B0,0,3,18,1,0,0,0,0,0,0,0,0,0,0,1,1,0,0,0
2425,B1,3,2,1,1,0,0,0,0,0,0,0,0,0,0,1,2,0,0,0
2425,B2,5,0,1,20,0,0,0,0,0,0,0,0,0,0,1,1,0,0,0
2425,C1,20,2,9,0,0,0,0,0,0,0,0,0,0,0,1,2,0,0,0
2450,A1,2,19,0,19,0,0,0,0,0,0,0,0,0,1,0,2,1,4,1
2450,B0,0,2,19,4,0,0,0,0,0,0,0,0,0,1,0,1,0,0,0
2450,B1,2,2,1,1,0,0,0,0,0,0,0,0,0,1,0,2,0,0,0
2450,B2,1,0,1,20,0,0,0,0,0,0,0,0,0,1,0,1,0,0,0
2450,C1,16,3,7,0,0,0,0,0,0,0,0,0,0,1,0,2,0,0,0
2475,A1,1,14,0,20,0,0,0,0,0,0,0,0,0,1,0,2,1,4,1
2475,B0,0,2,20,1,0,0,0,0,0,0,0,0,0,1,0,1,0,0,0
2475,B1,1,1,1,3,0,0,0,0,0,0,0,0,0,1,0,1,0,0,0
2475,B2,2,0,1,20,0,0,0,0,0,0,0,0,0,1,0,1,0,0,0
2475,C1,20,4,9,0,0,0,0,0,0,0,0,0,0,1,0,2,0,0,0
2500,A1,1,18,0,20,0,0,0,0,0,0,0,0,0,0,1,2,1,4,1
2500,B0,0,1,19,1,0,0,0,0,0,0,0,0,0,0,1,1,0,0,0
2500,B1,1,1,3,4,0,0,0,0,0,0,0,0,0,0,1,1,0,0,0
2500,B2,4,0,2,17,0,0,0,0,0,0,0,0,0,0,1,1,0,0,0
2500,C1,20,1,3,0,0,0,0,0,0,0,0,0,0,0,1,2,0,0,0
2525,A1,2,20,0,20,0,0,0,0,0,0,0,0,0,0,1,2,1,4,1
2525,B0,0,1,14,4,0,0,0,0,0,0,0,0,0,0,1,1,0,0,0
2525,B1,3,2,1,1,0,0,0,0,0,0,0,0,0,0,1,2,0,0,0
2525,B2,5,0,1,15,0,0,0,0,0,0,0,0,0,0,1,1,0,0,0
2525,C1,20,1,6,0,0,0,0,0,0,0,0,0,0,0,1,2,0,0,0
2550,A1,1,20,0,19,0,0,0,0,0,0,0,0,0,1,0,2,1,4,1
2550,B0,0,1,18,4,0,0,0,0,0,0,0,0,0,1,0,1,0,0,0
2550,B1,9,1,1,1,0,0,0,0,0,0,0,0,0,1,0,2,0,0,0
2550,B2,1,0,2,19,0,0,0,0,0,0,0,0,0,1,0,1,0,0,0
2550,C1,19,1,8,0,0,0,0,0,0,0,0,0,0,1,0,2,0,0,0
2575,A1,1,18,0,20,0,0,0,0,0,0,0,0,0,1,0,2,1,4,1
2575,B0,0,1,20,6,0,0,0,0,0,0,0,0,0,1,0,1,0,0,0
2575,B1,1,1,3,3,0,0,0,0,0,0,0,0,0,1,0,1,0,0,0
2575,B2,1,0,1,20,0,0,0,0,0,0,0,0,0,1,0,1,0,0,0
2575,C1,15,1,9,0,0,0,0,0,0,0,0,0,0,1,0,2,0,0,0
2600,A1,2,20,0,19,0,0,0,0,0,0,0,0,0,0,1,2,1,4,1
2600,B0,0,1,20,3,0,0,0,0,0,0,0,0,0,0,1,1,0,0,0
2600,B1,1,1,3,8,0,0,0,0,0,0,0,0,0,0,1,1,0,0,0
2600,B2,5,0,1,17,0,0,0,0,0,0,0,0,0,0,1,1,0,0,0
2600,C1,16,2,8,0,0,0,0,0,0,0,0,0,0,0,1,2,0,0,0
2625,A1,2,20,0,13,0,0,0,0,0,0,0,0,0,0,1,2,1,4,1
2625,B0,0,2,14,1,0,0,0,0,0,0,0,0,0,0,1,1,0,0,0
2625,B1,2,2,1,1,0,0,0,0,0,0,0,0,0,0,1,2,0,0,0
2625,B2,5,0,1,20,0,0,0,0,0,0,0,0,0,0,1,1,0,0,0
2625,C1,20,4,8,0,0,0,0,0,0,0,0,0,0,0,1,2,0,0,0
2650,A1,2,19,0,18,0,0,0,0,0,0,0,0,0,1,0,2,1,4,1
2650,B0,0,1,17,3,0,0,0,0,0,0,0,0,0,1,0,1,0,0,0
2650,B1,4,1,1,1,0,0,0,0,0,0,0,0,0,1,0,2,0,0,0
2650,B2,3,0,1,16,0,0,0,0,0,0,0,0,0,1,0,1,0,0,0
2650,C1,20,2,6,0,0,0,0,0,0,0,0,0,0,1,0,2,0,0,0
2675,A1,2,21,0,20,0,0,0,0,0,0,0,0,0,1,0,2,1,4,1
2675,B0,0,1,20,4,0,0,0,0,0,0,0,0,0,1,0,1,0,0,0
2675,B1,1,1,1,1,0,0,0,0,0,0,0,0,0,1,0,1,0,0,0
2675,B2,1,0,1,20,0,0,0,0,0,0,0,0,0,1,0,1,0,0,0
2675,C1,15,2,7,0,0,0,0,0,0,0,0,0,0,1,0,2,0,0,0
2700,A1,1,17,0,18,0,0,0,0,0,0,0,0,0,0,1,2,1,4,1
2700,B0,0,1,20,4,0,0,0,0,0,0,0,0,0,0,1,1,0,0,0
2700,B1,1,1,2,2,0,0,0,0,0,0,0,0,0,0,1,1,0,0,0
2700,B2,1,0,6,20,0,0,0,0,0,0,0,0,0,0,1,1,0,0,0
2700,C1,16,2,5,0,0,0,0,0,0,0,0,0,0,0,1,2,0,0,0
2725,A1,1,20,0,15,0,0,0,0,0,0,0,0,0,0,1,2,1,4,1
2725,B0,0,2,20,1,0,0,0,0,0,0,0,0,0,0,1,1,0,0,0
2725,B1,3,1,1,1,0,0,0,0,0,0,0,0,0,0,1,2,0,0,0
2725,B2,3,0,1,20,0,0,0,0,0,0,0,0,0,0,1,1,0,0,0
2725,C1,20,4,1,0,0,0,0,0,0,0,0,0,0,0,1,2,0,0,0
2750,A1,3,20,0,16,0,0,0,0,0,0,0,0,0,1,0,2,1,4,1
2750,B0,0,4,16,1,0,0,0,0,0,0,0,0,0,1,0,1,0,0,0
2750,B1,3,6,1,1,0,0,0,0,0,0,0,0,0,1,0,2,0,0,0
2750,B2,4,0,1,19,0,0,0,0,0,0,0,0,0,1,0,1,0,0,0
2750,C1,19,6,1,0,0,0,0,0,0,0,0,0,0,1,0,2,0,0,0
2775,A1,1,20,0,20,0,0,0,0,0,0,0,0,0,1,0,2,1,4,1
2775,B0,0,2,20,1,0,0,0,0,0,0,0,0,0,1,0,1,0,0,0
2775,B1,5,1,1,1,0,0,0,0,0,0,0,0,0,1,0,2,0,0,0
2775,B2,3,0,2,20,0,0,0,0,0,0,0,0,0,1,0,1,0,0,0
2775,C1,20,3,2,0,0,0,0,0,0,0,0,0,0,1,0,2,0,0,0
2800,A1,1,15,0,20,0,0,0,0,0,0,0,0,0,1,0,2,1,4,1
2800,B0,0,2,20,2,0,0,0,0,0,0,0,0,0,1,0,1,0,0,0
2800,B1,1,1,3,3,0,0,0,0,0,0,0,0,0,1,0,1,0,0,0
2800,B2,1,0,5,20,0,0,0,0,0,0,0,0,0,1,0,1,0,0,0
2800,C1,15,1,3,0,0,0,0,0,0,0,0,0,0,1,0,2,0,0,0
2825,A1,2,20,0,15,0,0,0,0,0,0,0,0,0,0,1,2,1,4,1
2825,B0,0,3,20,2,0,0,0,0,0,0,0,0,0,0,1,1,0,0,0
2825,B1,2,1,2,5,0,0,0,0,0,0,0,0,0,0,1,1,0,0,0
2825,B2,1,0,1,19,0,0,0,0,0,0,0,0,0,0,1,1,0,0,0
2825,C1,20,3,1,0,0,0,0,0,0,0,0,0,0,0,1,2,0,0,0
2850,A1,2,20,0,19,0,0,0,0,0,0,0,0,0,0,1,2,1,4,1
2850,B0,0,3,20,1,0,0,0,0,0,0,0,0,0,0,1,1,0,0,0
2850,B1,2,5,1,1,0,0,0,0,0,0,0,0,0,0,1,2,0,0,0
2850,B2,4,0,1,14,0,0,0,0,0,0,0,0,0,0,1,1,0,0,0
2850,C1,20,4,4,0,0,0,0,0,0,0,0,0,0,0,1,2,0,0,0
2875,A1,3,20,0,20,0,0,0,0,0,0,0,0,0,1,0,2,1,4,1
2875,B0,0,1,20,1,0,0,0,0,0,0,0,0,0,1,0,1,0,0,0
2875,B1,4,3,1,1,0,0,0,0,0,0,0,0,0,1,0,2,0,0,0
2875,B2,1,0,2,20,0,0,0,0,0,0,0,0,0,1,0,1,0,0,0
2875,C1,19,3,4,0,0,0,0,0,0,0,0,0,0,1,0,2,0,0,0
2900,A1,6,14,0,20,0,0,0,0,0,0,0,0,0,1,0,2,1,4,1
2900,B0,0,1,20,2,0,0,0,0,0,0,0,0,0,1,0,1,0,0,0
2900,B1,1,1,1,2,0,0,0,0,0,0,0,0,0,1,0,1,0,0,0
2900,B2,2,0,2,20,0,0,0,0,0,0,0,0,0,1,0,1,0,0,0
2900,C1,18,2,6,0,0,0,0,0,0,0,0,0,0,1,0,2,0,0,0
2925,A1,5,18,0,16,0,0,0,0,0,0,0,0,0,0,1,2,1,4,1
2925,B0,0,2,19,2,0,0,0,0,0,0,0,0,0,0,1,1,0,0,0
2925,B1,1,1,5,2,0,0,0,0,0,0,0,0,0,0,1,1,0,0,0
2925,B2,2,0,2,19,0,0,0,0,0,0,0,0,0,0,1,1,0,0,0
2925,C1,20,1,6,0,0,0,0,0,0,0,0,0,0,0,1,2,0,0,0
2950,A1,8,20,0,19,0,0,0,0,0,0,0,0,0,0,1,2,1,4,1
2950,B0,0,3,21,1,0,0,0,0,0,0,0,0,0,0,1,1,0,0,0
2950,B1,3,3,1,1,0,0,0,0,0,0,0,0,0,0,1,2,0,0,0
2950,B2,6,0,1,17,0,0,0,0,0,0,0,0,0,0,1,1,0,0,0
2950,C1,20,3,4,0,0,0,0,0,0,0,0,0,0,0,1,2,0,0,0
2975,A1,5,20,0,20,0,0,0,0,0,0,0,0,0,1,0,2,1,4,1
2975,B0,0,1,18,6,0,0,0,0,0,0,0,0,0,1,0,1,0,0,0
2975,B1,2,3,1,1,0,0,0,0,0,0,0,0,0,1,0,2,0,0,0
2975,B2,3,0,4,18,0,0,0,0,0,0,0,0,0,1,0,1,0,0,0
2975,C1,19,1,3,0,0,0,0,0,0,0,0,0,0,1,0,2,0,0,0
3000,A1,4,20,0,20,0,0,0,0,0,0,0,0,0,1,0,2,1,4,1
3000,B0,0,2,20,1,0,0,0,0,0,0,0,0,0,1,0,1,0,0,0
3000,B1,1,1,1,1,0,0,0,0,0,0,0,0,0,1,0,1,0,0,0
3000,B2,1,0,2,20,0,0,0,0,0,0,0,0,0,1,0,1,0,0,0
3000,C1,17,1,8,0,0,0,0,0,0,0,0,0,0,1,0,2,0,0,0
3025,A1,2,18,0,20,0,0,0,0,0,0,0,0,0,0,1,2,1,4,1
3025,B0,0,2,19,1,0,0,0,0,0,0,0,0,0,0,1,1,0,0,0
3025,B1,1,1,5,1,0,0,0,0,0,0,0,0,0,0,1,1,0,0,0
3025,B2,1,0,1,20,0,0,0,0,0,0,0,0,0,0,1,1,0,0,0
3025,C1,18,1,8,0,0,0,0,0,0,0,0,0,0,0,1,2,0,0,0
3050,A1,6,20,0,18,0,0,0,0,0,0,0,0,0,0,1,2,1,4,1
3050,B0,0,4,18,1,0,0,0,0,0,0,0,0,0,0,1,1,0,0,0
3050,B1,3,1,1,1,0,0,0,0,0,0,0,0,0,0,1,2,0,0,0
3050,B2,2,0,3,20,0,0,0,0,0,0,0,0,0,0,1,1,0,0,0
3050,C1,20,4,5,0,0,0,0,0,0,0,0,0,0,0,1,2,0,0,0
3075,A1,6,20,0,20,0,0,0,0,0,0,0,0,0,1,0,2,1,4,1
3075,B0,0,1,15,1,0,0,0,0,0,0,0,0,0,1,0,1,0,0,0
3075,B1,6,1,1,1,0,0,0,0,0,0,0,0,0,1,0,2,0,0,0
3075,B2,1,0,1,20,0,0,0,0,0,0,0,0,0,1,0,1,0,0,0
3075,C1,18,1,5,0,0,0,0,0,0,0,0,0,0,1,0,2,0,0,0
3100,A1,2,18,0,20,0,0,0,0,0,0,0,0,0,1,0,2,1,4,1
3100,B0,0,1,20,5,0,0,0,0,0,0,0,0,0,1,0,1,0,0,0
3100,B1,1,1,1,2,0,0,0,0,0,0,0,0,0,1,0,1,0,0,0
3100,B2,1,0,1,20,0,0,0,0,0,0,0,0,0,1,0,1,0,0,0
3100,C1,21,1,5,0,0,0,0,0,0,0,0,0,0,1,0,2,0,0,0
3125,A1,1,17,0,18,0,0,0,0,0,0,0,0,0,0,1,2,1,4,1
3125,B0,0,1,20,5,0,0,0,0,0,0,0,0,0,0,1,1,0,0,0
3125,B1,1,1,4,1,0,0,0,0,0,0,0,0,0,0,1,1,0,0,0
3125,B2,1,0,3,20,0,0,0,0,0,0,0,0,0,0,1,1,0,0,0
3125,C1,19,3,9,0,0,0,0,0,0,0,0,0,0,0,1,2,0,0,0
3150,A1,2,20,0,17,0,0,0,0,0,0,0,0,0,0,1,2,1,4,1
3150,B0,0,1,19,2,0,0,0,0,0,0,0,0,0,0,1,1,0,0,0
3150,B1,3,2,1,1,0,0,0,0,0,0,0,0,0,0,1,2,0,0,0
3150,B2,2,0,5,17,0,0,0,0,0,0,0,0,0,0,1,1,0,0,0
3150,C1,20,4,11,0,0,0,0,0,0,0,0,0,0,0,1,2,0,0,0
3175,A1,1,20,0,20,0,0,0,0,0,0,0,0,0,1,0,2,1,4,1
3175,B0,0,1,15,2,0,0,0,0,0,0,0,0,0,1,0,1,0,0,0
3175,B1,4,4,1,1,0,0,0,0,0,0,0,0,0,1,0,2,0,0,0
3175,B2,3,0,2,19,0,0,0,0,0,0,0,0,0,1,0,1,0,0,0
3175,C1,20,4,12,0,0,0,0,0,0,0,0,0,0,1,0,2,0,0,0
3200,A1,2,20,0,20,0,0,0,0,0,0,0,0,0,1,0,2,1,4,1
3200,B0,0,3,20,4,0,0,0,0,0,0,0,0,0,1,0,1,0,0,0
3200,B1,4,2,1,1,0,0,0,0,0,0,0,0,0,1,0,2,0,0,0
3200,B2,1,0,3,20,0,0,0,0,0,0,0,0,0,1,0,1,0,0,0
3200,C1,19,1,14,0,0,0,0,0,0,0,0,0,0,1,0,2,0,0,0
3225,A1,1,15,0,20,0,0,0,0,0,0,0,0,0,1,0,2,1,4,1
3225,B0,0,2,20,4,0,0,0,0,0,0,0,0,0,1,0,1,0,0,0
3225,B1,1,1,4,4,0,0,0,0,0,0,0,0,0,1,0,1,0,0,0
3225,B2,2,0,3,20,0,0,0,0,0,0,0,0,0,1,0,1,0,0,0
3225,C1,17,2,15,0,0,0,0,0,0,0,0,0,0,1,0,2,0,0,0
3250,A1,2,20,0,15,0,0,0,0,0,0,0,0,0,0,1,2,1,4,1
3250,B0,0,4,19,1,0,0,0,0,0,0,0,0,0,0,1,1,0,0,0
3250,B1,1,1,2,1,0,0,0,0,0,0,0,0,0,0,1,1,0,0,0
3250,B2,4,0,2,20,0,0,0,0,0,0,0,0,0,0,1,1,0,0,0
3250,C1,20,4,14,0,0,0,0,0,0,0,0,0,0,0,1,2,0,0,0
3275,A1,3,20,0,20,0,0,0,0,0,0,0,0,0,0,1,2,1,4,1
3275,B0,0,4,18,3,0,0,0,0,0,0,0,0,0,0,1,1,0,0,0
3275,B1,1,2,1,1,0,0,0,0,0,0,0,0,0,0,1,2,0,0,0
3275,B2,5,0,2,18,0,0,0,0,0,0,0,0,0,0,1,1,0,0,0
3275,C1,20,5,13,0,0,0,0,0,0,0,0,0,0,0,1,2,0,0,0
3300,A1,2,20,0,20,0,0,0,0,0,0,0,0,0,1,0,2,1,4,1
3300,B0,0,1,20,3,0,0,0,0,0,0,0,0,0,1,0,1,0,0,0
3300,B1,2,2,1,1,0,0,0,0,0,0,0,0,0,1,0,2,0,0,0
3300,B2,1,0,3,20,0,0,0,0,0,0,0,0,0,1,0,1,0,0,0
3300,C1,19,1,14,0,0,0,0,0,0,0,0,0,0,1,0,2,0,0,0
3325,A1,1,18,0,20,0,0,0,0,0,0,0,0,0,1,0,2,1,4,1
3325,B0,0,1,20,3,0,0,0,0,0,0,0,0,0,1,0,1,0,0,0
3325,B1,1,1,2,4,0,0,0,0,0,0,0,0,0,1,0,1,0,0,0
3325,B2,1,0,5,20,0,0,0,0,0,0,0,0,0,1,0,1,0,0,0
3325,C1,14,1,18,0,0,0,0,0,0,0,0,0,0,1,0,2,0,0,0
3350,A1,1,19,0,14,0,0,0,0,0,0,0,0,0,0,1,2,1,4,1
3350,B0,0,1,20,2,0,0,0,0,0,0,0,0,0,0,1,1,0,0,0
3350,B1,1,1,2,3,0,0,0,0,0,0,0,0,0,0,1,1,0,0,0
3350,B2,1,0,1,20,0,0,0,0,0,0,0,0,0,0,1,1,0,0,0
3350,C1,20,3,16,0,0,0,0,0,0,0,0,0,0,0,1,2,0,0,0
3375,A1,1,20,0,17,0,0,0,0,0,0,0,0,0,0,1,2,1,4,1
3375,B0,0,4,19,1,0,0,0,0,0,0,0,0,0,0,1,1,0,0,0
3375,B1,3,1,1,1,0,0,0,0,0,0,0,0,0,0,1,2,0,0,0
3375,B2,3,0,1,21,0,0,0,0,0,0,0,0,0,0,1,1,0,0,0
3375,C1,20,5,18,0,0,0,0,0,0,0,0,0,0,0,1,2,0,0,0
3400,A1,1,20,0,18,0,0,0,0,0,0,0,0,0,1,0,2,1,4,1
3400,B0,0,1,19,3,0,0,0,0,0,0,0,0,0,1,0,1,0,0,0
3400,B1,1,2,1,1,0,0,0,0,0,0,0,0,0,1,0,2,0,0,0
3400,B2,1,0,3,19,0,0,0,0,0,0,0,0,0,1,0,1,0,0,0
3400,C1,20,2,17,0,0,0,0,0,0,0,0,0,0,1,0,2,0,0,0
3425,A1,1,17,0,20,0,0,0,0,0,0,0,0,0,1,0,2,1,4,1
3425,B0,0,1,20,4,0,0,0,0,0,0,0,0,0,1,0,1,0,0,0
3425,B1,1,1,1,1,0,0,0,0,0,0,0,0,0,1,0,1,0,0,0
3425,B2,1,0,4,20,0,0,0,0,0,0,0,0,0,1,0,1,0,0,0
3425,C1,21,2,20,0,0,0,0,0,0,0,0,0,0,1,0,2,0,0,0
3450,A1,1,20,0,15,0,0,0,0,0,0,0,0,0,0,1,2,1,4,1
3450,B0,0,1,20,3,0,0,0,0,0,0,0,0,0,0,1,1,0,0,0
3450,B1,1,1,5,3,0,0,0,0,0,0,0,0,0,0,1,1,0,0,0
3450,B2,1,0,2,19,0,0,0,0,0,0,0,0,0,0,1,1,0,0,0
3450,C1,19,4,18,0,0,0,0,0,0,0,0,0,0,0,1,2,0,0,0
3475,A1,1,20,0,15,0,0,0,0,0,0,0,0,0,0,1,2,1,4,1
3475,B0,0,4,20,2,0,0,0,0,0,0,0,0,0,0,1,1,0,0,0
3475,B1,1,2,1,1,0,0,0,0,0,0,0,0,0,0,1,2,0,0,0
3475,B2,3,0,2,16,0,0,0,0,0,0,0,0,0,0,1,1,0,0,0
3475,C1,20,5,20,0,0,0,0,0,0,0,0,0,0,0,1,2,0,0,0
3500,A1,1,19,0,20,0,0,0,0,0,0,0,0,0,1,0,2,1,4,1
3500,B0,0,1,20,1,0,0,0,0,0,0,0,0,0,1,0,1,0,0,0
3500,B1,3,1,1,1,0,0,0,0,0,0,0,0,0,1,0,2,0,0,0
3500,B2,2,0,1,17,0,0,0,0,0,0,0,0,0,1,0,1,0,0,0
3500,C1,20,3,20,0,0,0,0,0,0,0,0,0,0,1,0,2,0,0,0
3525,A1,3,18,0,20,0,0,0,0,0,0,0,0,0,1,0,2,1,4,1
3525,B0,0,1,20,3,0,0,0,0,0,0,0,0,0,1,0,1,0,0,0
3525,B1,1,1,3,2,0,0,0,0,0,0,0,0,0,1,0,1,0,0,0
3525,B2,2,0,4,20,0,0,0,0,0,0,0,0,0,1,0,1,0,0,0
3525,C1,20,1,20,0,0,0,0,0,0,0,0,0,0,1,0,2,0,0,0
3550,A1,1,19,0,18,0,0,0,0,0,0,0,0,0,0,1,2,1,4,1
3550,B0,0,1,20,1,0,0,0,0,0,0,0,0,0,0,1,1,0,0,0
3550,B1,1,1,4,3,0,0,0,0,0,0,0,0,0,0,1,1,0,0,0
3550,B2,1,0,3,20,0,0,0,0,0,0,0,0,0,0,1,1,0,0,0
3550,C1,20,1,20,0,0,0,0,0,0,0,0,0,0,0,1,2,0,0,0
3575,A1,4,20,0,14,0,0,0,0,0,0,0,0,0,0,1,2,1,4,1
3575,B0,0,2,20,1,0,0,0,0,0,0,0,0,0,0,1,1,0,0,0
3575,B1,2,1,1,1,0,0,0,0,0,0,0,0,0,0,1,2,0,0,0
3575,B2,1,0,1,17,0,0,0,0,0,0,0,0,0,0,1,1,0,0,0
3575,C1,20,4,16,0,0,0,0,0,0,0,0,0,0,0,1,2,0,0,0
3600,A1,6,20,0,19,0,0,0,0,0,0,0,0,0,1,0,2,1,4,1
3600,B0,0,3,17,1,0,0,0,0,0,0,0,0,0,1,0,1,0,0,0
3600,B1,4,4,1,1,0,0,0,0,0,0,0,0,0,1,0,2,0,0,0
3600,B2,2,0,1,19,0,0,0,0,0,0,0,0,0,1,0,1,0,0,0
3600,C1,19,4,17,0,0,0,0,0,0,0,0,0,0,1,0,2,0,0,0
3625,A1,1,21,0,20,0,0,0,0,0,0,0,0,0,1,0,2,1,4,1
3625,B0,0,3,20,2,0,0,0,0,0,0,0,0,0,1,0,1,0,0,0
3625,B1,5,1,1,1,0,0,0,0,0,0,0,0,0,1,0,2,0,0,0
3625,B2,2,0,2,20,0,0,0,0,0,0,0,0,0,1,0,1,0,0,0
3625,C1,19,1,17,0,0,0,0,0,0,0,0,0,0,1,0,2,0,0,0
3650,A1,1,16,0,20,0,0,0,0,0,0,0,0,0,0,1,2,1,4,1
3650,B0,0,1,20,2,0,0,0,0,0,0,0,0,0,0,1,1,0,0,0
3650,B1,1,1,4,2,0,0,0,0,0,0,0,0,0,0,1,1,0,0,0
3650,B2,1,0,3,20,0,0,0,0,0,0,0,0,0,0,1,1,0,0,0
3650,C1,17,1,17,0,0,0,0,0,0,0,0,0,0,0,1,2,0,0,0
3675,A1,2,20,0,16,0,0,0,0,0,0,0,0,0,0,1,2,1,4,1
3675,B0,0,2,18,3,0,0,0,0,0,0,0,0,0,0,1,1,0,0,0
3675,B1,1,1,2,2,0,0,0,0,0,0,0,0,0,0,1,1,0,0,0
3675,B2,2,0,1,19,0,0,0,0,0,0,0,0,0,0,1,1,0,0,0
3675,C1,20,2,14,0,0,0,0,0,0,0,0,0,0,0,1,2,0,0,0
3700,A1,4,20,0,11,0,0,0,0,0,0,0,0,0,0,1,2,1,4,1
3700,B0,0,4,18,1,0,0,0,0,0,0,0,0,0,0,1,1,0,0,0
3700,B1,2,4,1,1,0,0,0,0,0,0,0,0,0,0,1,2,0,0,0
3700,B2,5,0,1,17,0,0,0,0,0,0,0,0,0,0,1,1,0,0,0
3700,C1,20,2,13,0,0,0,0,0,0,0,0,0,0,0,1,2,0,0,0
3725,A1,1,18,0,13,0,0,0,0,0,0,0,0,0,1,0,2,1,4,1
3725,B0,0,1,19,2,0,0,0,0,0,0,0,0,0,1,0,1,0,0,0
3725,B1,3,5,1,1,0,0,0,0,0,0,0,0,0,1,0,2,0,0,0
3725,B2,1,0,2,20,0,0,0,0,0,0,0,0,0,1,0,1,0,0,0
3725,C1,16,3,13,0,0,0,0,0,0,0,0,0,0,1,0,2,0,0,0
3750,A1,1,17,0,14,0,0,0,0,0,0,0,0,0,1,0,2,1,4,1
3750,B0,0,2,20,5,0,0,0,0,0,0,0,0,0,1,0,1,0,0,0
3750,B1,1,1,4,4,0,0,0,0,0,0,0,0,0,1,0,1,0,0,0
3750,B2,1,0,2,20,0,0,0,0,0,0,0,0,0,1,0,1,0,0,0
3750,C1,17,1,16,0,0,0,0,0,0,0,0,0,0,1,0,2,0,0,0
3775,A1,4,20,0,13,0,0,0,0,0,0,0,0,0,0,1,2,1,4,1
3775,B0,0,2,21,1,0,0,0,0,0,0,0,0,0,0,1,1,0,0,0
3775,B1,1,1,1,5,0,0,0,0,0,0,0,0,0,0,1,1,0,0,0
3775,B2,1,0,3,19,0,0,0,0,0,0,0,0,0,0,1,1,0,0,0
3775,C1,19,1,12,0,0,0,0,0,0,0,0,0,0,0,1,2,0,0,0
3800,A1,5,20,0,9,0,0,0,0,0,0,0,0,0,0,1,2,1,4,1
3800,B0,0,6,15,2,0,0,0,0,0,0,0,0,0,0,1,1,0,0,0
3800,B1,2,3,1,1,0,0,0,0,0,0,0,0,0,0,1,2,0,0,0
3800,B2,3,0,3,16,0,0,0,0,0,0,0,0,0,0,1,1,0,0,0
3800,C1,20,2,12,0,0,0,0,0,0,0,0,0,0,0,1,2,0,0,0
3825,A1,1,19,0,9,0,0,0,0,0,0,0,0,0,1,0,2,1,4,1
3825,B0,0,1,18,1,0,0,0,0,0,0,0,0,0,1,0,1,0,0,0
3825,B1,2,5,1,1,0,0,0,0,0,0,0,0,0,1,0,2,0,0,0
3825,B2,1,0,2,19,0,0,0,0,0,0,0,0,0,1,0,1,0,0,0
3825,C1,19,2,12,0,0,0,0,0,0,0,0,0,0,1,0,2,0,0,0
3850,A1,1,17,0,10,0,0,0,0,0,0,0,0,0,1,0,2,1,4,1
3850,B0,0,1,20,2,0,0,0,0,0,0,0,0,0,1,0,1,0,0,0
3850,B1,1,1,3,2,0,0,0,0,0,0,0,0,0,1,0,1,0,0,0
3850,B2,1,0,3,20,0,0,0,0,0,0,0,0,0,1,0,1,0,0,0
3850,C1,21,1,13,0,0,0,0,0,0,0,0,0,0,1,0,2,0,0,0
3875,A1,1,17,0,10,0,0,0,0,0,0,0,0,0,0,1,2,1,4,1
3875,B0,0,2,18,2,0,0,0,0,0,0,0,0,0,0,1,1,0,0,0
3875,B1,1,1,5,1,0,0,0,0,0,0,0,0,0,0,1,1,0,0,0
3875,B2,2,0,1,20,0,0,0,0,0,0,0,0,0,0,1,1,0,0,0
3875,C1,19,1,12,0,0,0,0,0,0,0,0,0,0,0,1,2,0,0,0
3900,A1,3,20,0,8,0,0,0,0,0,0,0,0,0,0,1,2,1,4,1
3900,B0,0,3,20,3,0,0,0,0,0,0,0,0,0,0,1,1,0,0,0
3900,B1,3,1,1,1,0,0,0,0,0,0,0,0,0,0,1,2,0,0,0
3900,B2,4,0,2,19,0,0,0,0,0,0,0,0,0,0,1,1,0,0,0
3900,C1,19,1,13,0,0,0,0,0,0,0,0,0,0,0,1,2,0,0,0
3925,A1,1,19,0,4,0,0,0,0,0,0,0,0,0,1,0,2,1,4,1
3925,B0,0,1,19,2,0,0,0,0,0,0,0,0,0,1,0,1,0,0,0
3925,B1,6,2,1,1,0,0,0,0,0,0,0,0,0,1,0,2,0,0,0
3925,B2,1,0,1,19,0,0,0,0,0,0,0,0,0,1,0,1,0,0,0
3925,C1,20,1,9,0,0,0,0,0,0,0,0,0,0,1,0,2,0,0,0
3950,A1,2,16,0,5,0,0,0,0,0,0,0,0,0,1,0,2,1,4,1
3950,B0,0,1,20,4,0,0,0,0,0,0,0,0,0,1,0,1,0,0,0
3950,B1,1,1,3,1,0,0,0,0,0,0,0,0,0,1,0,1,0,0,0
3950,B2,1,0,1,20,0,0,0,0,0,0,0,0,0,1,0,1,0,0,0
3950,C1,19,2,10,0,0,0,0,0,0,0,0,0,0,1,0,2,0,0,0
3975,A1,2,18,0,4,0,0,0,0,0,0,0,0,0,0,1,2,1,4,1
3975,B0,0,1,20,4,0,0,0,0,0,0,0,0,0,0,1,1,0,0,0
3975,B1,1,1,3,3,0,0,0,0,0,0,0,0,0,0,1,1,0,0,0
3975,B2,3,0,1,20,0,0,0,0,0,0,0,0,0,0,1,1,0,0,0
3975,C1,19,1,9,0,0,0,0,0,0,0,0,0,0,0,1,2,0,0,0
4000,A1,5,20,0,1,0,0,0,0,0,0,0,0,0,0,1,2,1,4,1
4000,B0,0,1,17,4,0,0,0,0,0,0,0,0,0,0,1,1,0,0,0
4000,B1,1,1,1,1,0,0,0,0,0,0,0,0,0,0,1,1,0,0,0
4000,B2,4,0,1,15,0,0,0,0,0,0,0,0,0,0,1,1,0,0,0
4000,C1,20,6,3,0,0,0,0,0,0,0,0,0,0,0,1,2,0,0,0
4025,A1,5,20,0,1,0,0,0,0,0,0,0,0,0,1,0,2,1,4,1
4025,B0,0,2,14,1,0,0,0,0,0,0,0,0,0,1,0,1,0,0,0
4025,B1,7,4,1,1,0,0,0,0,0,0,0,0,0,1,0,2,0,0,0
4025,B2,2,0,1,17,0,0,0,0,0,0,0,0,0,1,0,1,0,0,0
4025,C1,21,4,3,0,0,0,0,0,0,0,0,0,0,1,0,2,0,0,0
4050,A1,2,21,0,1,0,0,0,0,0,0,0,0,0,1,0,2,1,4,1
4050,B0,0,2,20,5,0,0,0,0,0,0,0,0,0,1,0,1,0,0,0
4050,B1,9,1,2,1,0,0,0,0,0,0,0,0,0,1,0,2,0,0,0
4050,B2,1,0,4,20,0,0,0,0,0,0,0,0,0,1,0,1,0,0,0
4050,C1,18,1,5,0,0,0,0,0,0,0,0,0,0,1,0,2,0,0,0
4075,A1,1,16,0,1,0,0,0,0,0,0,0,0,0,0,1,2,1,4,1
4075,B0,0,2,20,6,0,0,0,0,0,0,0,0,0,0,1,1,0,0,0
4075,B1,1,1,4,3,0,0,0,0,0,0,0,0,0,0,1,1,0,0,0
4075,B2,1,0,3,20,0,0,0,0,0,0,0,0,0,0,1,1,0,0,0
4075,C1,12,1,10,0,0,0,0,0,0,0,0,0,0,0,1,2,0,0,0
4100,A1,1,20,0,3,0,0,0,0,0,0,0,0,0,0,1,2,1,4,1
4100,B0,0,2,21,2,0,0,0,0,0,0,0,0,0,0,1,1,0,0,0
4100,B1,1,1,4,3,0,0,0,0,0,0,0,0,0,0,1,1,0,0,0
4100,B2,6,0,2,21,0,0,0,0,0,0,0,0,0,0,1,1,0,0,0
4100,C1,20,1,5,0,0,0,0,0,0,0,0,0,0,0,1,2,0,0,0
4125,A1,2,20,0,5,0,0,0,0,0,0,0,0,0,0,1,2,1,4,1
4125,B0,0,4,17,1,0,0,0,0,0,0,0,0,0,0,1,1,0,0,0
4125,B1,4,3,1,1,0,0,0,0,0,0,0,0,0,0,1,2,0,0,0
4125,B2,7,0,2,19,0,0,0,0,0,0,0,0,0,0,1,1,0,0,0
4125,C1,20,3,1,0,0,0,0,0,0,0,0,0,0,0,1,2,0,0,0
4150,A1,3,17,0,5,0,0,0,0,0,0,0,0,0,1,0,2,1,4,1
4150,B0,0,1,20,2,0,0,0,0,0,0,0,0,0,1,0,1,0,0,0
4150,B1,4,2,1,1,0,0,0,0,0,0,0,0,0,1,0,2,0,0,0
4150,B2,1,0,2,20,0,0,0,0,0,0,0,0,0,1,0,1,0,0,0
4150,C1,16,3,1,0,0,0,0,0,0,0,0,0,0,1,0,2,0,0,0
4175,A1,1,19,0,5,0,0,0,0,0,0,0,0,0,1,0,2,1,4,1
4175,B0,0,2,20,2,0,0,0,0,0,0,0,0,0,1,0,1,0,0,0
4175,B1,1,1,2,3,0,0,0,0,0,0,0,0,0,1,0,1,0,0,0
4175,B2,1,0,3,20,0,0,0,0,0,0,0,0,0,1,0,1,0,0,0
4175,C1,18,1,3,0,0,0,0,0,0,0,0,0,0,1,0,2,0,0,0
4200,A1,2,19,0,2,0,0,0,0,0,0,0,0,0,0,1,2,1,4,1
4200,B0,0,2,20,1,0,0,0,0,0,0,0,0,0,0,1,1,0,0,0
4200,B1,1,1,2,4,0,0,0,0,0,0,0,0,0,0,1,1,0,0,0
4200,B2,1,0,1,20,0,0,0,0,0,0,0,0,0,0,1,1,0,0,0
4200,C1,20,5,1,0,0,0,0,0,0,0,0,0,0,0,1,2,0,0,0
4225,A1,4,20,0,5,0,0,0,0,0,0,0,0,0,0,1,2,1,4,1
4225,B0,0,4,17,3,0,0,0,0,0,0,0,0,0,0,1,1,0,0,0
4225,B1,2,1,1,1,0,0,0,0,0,0,0,0,0,0,1,2,0,0,0
4225,B2,7,0,3,17,0,0,0,0,0,0,0,0,0,0,1,1,0,0,0
4225,C1,20,6,2,0,0,0,0,0,0,0,0,0,0,0,1,2,0,0,0
4250,A1,2,17,0,5,0,0,0,0,0,0,0,0,0,1,0,2,1,4,1
4250,B0,0,1,20,4,0,0,0,0,0,0,0,0,0,1,0,1,0,0,0
4250,B1,1,1,1,1,0,0,0,0,0,0,0,0,0,1,0,1,0,0,0
4250,B2,4,0,4,19,0,0,0,0,0,0,0,0,0,1,0,1,0,0,0
4250,C1,20,5,2,0,0,0,0,0,0,0,0,0,0,1,0,2,0,0,0
4275,A1,1,15,0,7,0,0,0,0,0,0,0,0,0,1,0,2,1,4,1
4275,B0,0,1,20,5,0,0,0,0,0,0,0,0,0,1,0,1,0,0,0
4275,B1,1,1,3,2,0,0,0,0,0,0,0,0,0,1,0,1,0,0,0
4275,B2,4,0,6,20,0,0,0,0,0,0,0,0,0,1,0,1,0,0,0
4275,C1,18,1,3,0,0,0,0,0,0,0,0,0,0,1,0,2,0,0,0
4300,A1,3,17,0,5,0,0,0,0,0,0,0,0,0,0,1,2,1,4,1
4300,B0,0,1,20,5,0,0,0,0,0,0,0,0,0,0,1,1,0,0,0
4300,B1,1,1,2,4,0,0,0,0,0,0,0,0,0,0,1,1,0,0,0
4300,B2,1,0,4,20,0,0,0,0,0,0,0,0,0,0,1,1,0,0,0
4300,C1,17,2,1,0,0,0,0,0,0,0,0,0,0,0,1,2,0,0,0
4325,A1,3,20,0,9,0,0,0,0,0,0,0,0,0,0,1,2,1,4,1
4325,B0,0,3,21,2,0,0,0,0,0,0,0,0,0,0,1,1,0,0,0
4325,B1,4,4,1,1,0,0,0,0,0,0,0,0,0,0,1,2,0,0,0
4325,B2,4,0,1,17,0,0,0,0,0,0,0,0,0,0,1,1,0,0,0
4325,C1,20,4,2,0,0,0,0,0,0,0,0,0,0,0,1,2,0,0,0
4350,A1,1,19,0,10,0,0,0,0,0,0,0,0,0,1,0,2,1,4,1
4350,B0,0,1,20,2,0,0,0,0,0,0,0,0,0,1,0,1,0,0,0
4350,B1,2,3,1,1,0,0,0,0,0,0,0,0,0,1,0,2,0,0,0
4350,B2,1,0,1,18,0,0,0,0,0,0,0,0,0,1,0,1,0,0,0
4350,C1,20,2,2,0,0,0,0,0,0,0,0,0,0,1,0,2,0,0,0
4375,A1,1,20,0,11,0,0,0,0,0,0,0,0,0,1,0,2,1,4,1
4375,B0,0,3,20,3,0,0,0,0,0,0,0,0,0,1,0,1,0,0,0
4375,B1,1,1,3,4,0,0,0,0,0,0,0,0,0,1,0,1,0,0,0
4375,B2,1,0,3,20,0,0,0,0,0,0,0,0,0,1,0,1,0,0,0
4375,C1,20,2,4,0,0,0,0,0,0,0,0,0,0,1,0,2,0,0,0
4400,A1,3,20,0,12,0,0,0,0,0,0,0,0,0,0,1,2,1,4,1
4400,B0,0,1,20,2,0,0,0,0,0,0,0,0,0,0,1,1,0,0,0
4400,B1,1,1,3,4,0,0,0,0,0,0,0,0,0,0,1,1,0,0,0
4400,B2,1,0,2,20,0,0,0,0,0,0,0,0,0,0,1,1,0,0,0
4400,C1,20,1,1,0,0,0,0,0,0,0,0,0,0,0,1,2,0,0,0
4425,A1,4,20,0,13,0,0,0,0,0,0,0,0,0,0,1,2,1,4,1
4425,B0,0,3,20,1,0,0,0,0,0,0,0,0,0,0,1,1,0,0,0
4425,B1,1,1,2,1,0,0,0,0,0,0,0,0,0,0,1,1,0,0,0
4425,B2,1,0,4,19,0,0,0,0,0,0,0,0,0,0,1,1,0,0,0
4425,C1,20,2,2,0,0,0,0,0,0,0,0,0,0,0,1,2,0,0,0
4450,A1,4,20,0,13,0,0,0,0,0,0,0,0,0,1,0,2,1,4,1
4450,B0,0,4,20,3,0,0,0,0,0,0,0,0,0,1,0,1,0,0,0
4450,B1,3,1,1,1,0,0,0,0,0,0,0,0,0,1,0,2,0,0,0
4450,B2,1,0,4,20,0,0,0,0,0,0,0,0,0,1,0,1,0,0,0
4450,C1,21,1,1,0,0,0,0,0,0,0,0,0,0,1,0,2,0,0,0
4475,A1,2,20,0,17,0,0,0,0,0,0,0,0,0,1,0,2,1,4,1
4475,B0,0,2,20,1,0,0,0,0,0,0,0,0,0,1,0,1,0,0,0
4475,B1,1,1,3,1,0,0,0,0,0,0,0,0,0,1,0,1,0,0,0
4475,B2,1,0,4,20,0,0,0,0,0,0,0,0,0,1,0,1,0,0,0
4475,C1,18,2,2,0,0,0,0,0,0,0,0,0,0,1,0,2,0,0,0
4500,A1,2,20,0,19,0,0,0,0,0,0,0,0,0,0,1,2,1,4,1
4500,B0,0,1,20,3,0,0,0,0,0,0,0,0,0,0,1,1,0,0,0
4500,B1,1,1,1,4,0,0,0,0,0,0,0,0,0,0,1,1,0,0,0
4500,B2,1,0,3,20,0,0,0,0,0,0,0,0,0,0,1,1,0,0,0
4500,C1,16,1,1,0,0,0,0,0,0,0,0,0,0,0,1,2,0,0,0
4525,A1,3,20,0,17,0,0,0,0,0,0,0,0,0,0,1,2,1,4,1
4525,B0,0,2,20,3,0,0,0,0,0,0,0,0,0,0,1,1,0,0,0
4525,B1,1,2,1,1,0,0,0,0,0,0,0,0,0,0,1,2,0,0,0
4525,B2,2,0,2,20,0,0,0,0,0,0,0,0,0,0,1,1,0,0,0
4525,C1,20,2,2,0,0,0,0,0,0,0,0,0,0,0,1,2,0,0,0
4550,A1,4,20,0,19,0,0,0,0,0,0,0,0,0,0,1,2,1,4,1
4550,B0,0,4,17,3,0,0,0,0,0,0,0,0,0,0,1,1,0,0,0
4550,B1,2,1,1,1,0,0,0,0,0,0,0,0,0,0,1,2,0,0,0
4550,B2,5,0,1,19,0,0,0,0,0,0,0,0,0,0,1,1,0,0,0
4550,C1,20,3,1,0,0,0,0,0,0,0,0,0,0,0,1,2,0,0,0
4575,A1,1,20,0,20,0,0,0,0,0,0,0,0,0,1,0,2,1,4,1
4575,B0,0,1,20,1,0,0,0,0,0,0,0,0,0,1,0,1,0,0,0
4575,B1,4,2,1,1,0,0,0,0,0,0,0,0,0,1,0,2,0,0,0
4575,B2,1,0,2,20,0,0,0,0,0,0,0,0,0,1,0,1,0,0,0
4575,C1,17,2,1,0,0,0,0,0,0,0,0,0,0,1,0,2,0,0,0
4600,A1,1,14,0,20,0,0,0,0,0,0,0,0,0,1,0,2,1,4,1
4600,B0,0,2,20,4,0,0,0,0,0,0,0,0,0,1,0,1,0,0,0
4600,B1,1,1,4,3,0,0,0,0,0,0,0,0,0,1,0,1,0,0,0
4600,B2,1,0,1,20,0,0,0,0,0,0,0,0,0,1,0,1,0,0,0
4600,C1,19,1,3,0,0,0,0,0,0,0,0,0,0,1,0,2,0,0,0
4625,A1,1,19,0,20,0,0,0,0,0,0,0,0,0,0,1,2,1,4,1
4625,B0,0,2,17,1,0,0,0,0,0,0,0,0,0,0,1,1,0,0,0
4625,B1,1,1,4,3,0,0,0,0,0,0,0,0,0,0,1,1,0,0,0
4625,B2,2,0,1,19,0,0,0,0,0,0,0,0,0,0,1,1,0,0,0
4625,C1,20,3,1,0,0,0,0,0,0,0,0,0,0,0,1,2,0,0,0
4650,A1,1,20,0,20,0,0,0,0,0,0,0,0,0,0,1,2,1,4,1
4650,B0,0,3,20,2,0,0,0,0,0,0,0,0,0,0,1,1,0,0,0
4650,B1,5,3,1,1,0,0,0,0,0,0,0,0,0,0,1,2,0,0,0
4650,B2,6,0,1,17,0,0,0,0,0,0,0,0,0,0,1,1,0,0,0
4650,C1,20,3,3,0,0,0,0,0,0,0,0,0,0,0,1,2,0,0,0
4675,A1,1,17,0,20,0,0,0,0,0,0,0,0,0,1,0,2,1,4,1
4675,B0,0,1,19,3,0,0,0,0,0,0,0,0,0,1,0,1,0,0,0
4675,B1,4,2,1,1,0,0,0,0,0,0,0,0,0,1,0,2,0,0,0
4675,B2,3,0,2,19,0,0,0,0,0,0,0,0,0,1,0,1,0,0,0
4675,C1,17,1,3,0,0,0,0,0,0,0,0,0,0,1,0,2,0,0,0
4700,A1,1,19,0,20,0,0,0,0,0,0,0,0,0,1,0,2,1,4,1
4700,B0,0,1,20,4,0,0,0,0,0,0,0,0,0,1,0,1,0,0,0
4700,B1,1,1,5,3,0,0,0,0,0,0,0,0,0,1,0,1,0,0,0
4700,B2,4,0,3,20,0,0,0,0,0,0,0,0,0,1,0,1,0,0,0
4700,C1,14,1,5,0,0,0,0,0,0,0,0,0,0,1,0,2,0,0,0
4725,A1,2,18,0,15,0,0,0,0,0,0,0,0,0,0,1,2,1,4,1
4725,B0,0,1,19,4,0,0,0,0,0,0,0,0,0,0,1,1,0,0,0
4725,B1,1,1,4,1,0,0,0,0,0,0,0,0,0,0,1,1,0,0,0
4725,B2,3,0,2,20,0,0,0,0,0,0,0,0,0,0,1,1,0,0,0
4725,C1,18,3,1,0,0,0,0,0,0,0,0,0,0,0,1,2,0,0,0
4750,A1,3,20,0,16,0,0,0,0,0,0,0,0,0,0,1,2,1,4,1
4750,B0,0,3,18,1,0,0,0,0,0,0,0,0,0,0,1,1,0,0,0
4750,B1,3,3,1,1,0,0,0,0,0,0,0,0,0,0,1,2,0,0,0
4750,B2,5,0,2,16,0,0,0,0,0,0,0,0,0,0,1,1,0,0,0
4750,C1,20,5,1,0,0,0,0,0,0,0,0,0,0,0,1,2,0,0,0
4775,A1,2,20,0,20,0,0,0,0,0,0,0,0,0,1,0,2,1,4,1
4775,B0,0,1,18,1,0,0,0,0,0,0,0,0,0,1,0,1,0,0,0
4775,B1,3,1,1,1,0,0,0,0,0,0,0,0,0,1,0,2,0,0,0
4775,B2,6,0,1,20,0,0,0,0,0,0,0,0,0,1,0,1,0,0,0
4775,C1,20,2,1,0,0,0,0,0,0,0,0,0,0,1,0,2,0,0,0
4800,A1,2,19,0,20,0,0,0,0,0,0,0,0,0,1,0,2,1,4,1
4800,B0,0,1,20,5,0,0,0,0,0,0,0,0,0,1,0,1,0,0,0
4800,B1,1,1,1,1,0,0,0,0,0,0,0,0,0,1,0,1,0,0,0
4800,B2,6,0,3,20,0,0,0,0,0,0,0,0,0,1,0,1,0,0,0
4800,C1,17,1,1,0,0,0,0,0,0,0,0,0,0,1,0,2,0,0,0
4825,A1,2,20,0,17,0,0,0,0,0,0,0,0,0,0,1,2,1,4,1
4825,B0,0,1,20,5,0,0,0,0,0,0,0,0,0,0,1,1,0,0,0
4825,B1,1,1,3,2,0,0,0,0,0,0,0,0,0,0,1,1,0,0,0
4825,B2,5,0,1,20,0,0,0,0,0,0,0,0,0,0,1,1,0,0,0
4825,C1,16,2,1,0,0,0,0,0,0,0,0,0,0,0,1,2,0,0,0
4850,A1,3,20,0,12,0,0,0,0,0,0,0,0,0,0,1,2,1,4,1
4850,B0,0,1,20,2,0,0,0,0,0,0,0,0,0,0,1,1,0,0,0
4850,B1,2,3,1,1,0,0,0,0,0,0,0,0,0,0,1,2,0,0,0
4850,B2,9,0,4,21,0,0,0,0,0,0,0,0,0,0,1,1,0,0,0
4850,C1,20,3,2,0,0,0,0,0,0,0,0,0,0,0,1,2,0,0,0
4875,A1,1,19,0,7,0,0,0,0,0,0,0,0,0,1,0,2,1,4,1
4875,B0,0,1,16,2,0,0,0,0,0,0,0,0,0,1,0,1,0,0,0
4875,B1,3,5,1,1,0,0,0,0,0,0,0,0,0,1,0,2,0,0,0
4875,B2,9,0,2,17,0,0,0,0,0,0,0,0,0,1,0,1,0,0,0
4875,C1,20,4,1,0,0,0,0,0,0,0,0,0,0,1,0,2,0,0,0
4900,A1,3,21,0,8,0,0,0,0,0,0,0,0,0,1,0,2,1,4,1
4900,B0,0,1,20,3,0,0,0,0,0,0,0,0,0,1,0,1,0,0,0
4900,B1,1,3,1,1,0,0,0,0,0,0,0,0,0,1,0,2,0,0,0
4900,B2,9,0,2,20,0,0,0,0,0,0,0,0,0,1,0,1,0,0,0
4900,C1,20,1,2,0,0,0,0,0,0,0,0,0,0,1,0,2,0,0,0
4925,A1,2,19,0,9,0,0,0,0,0,0,0,0,0,0,1,2,1,4,1
4925,B0,0,2,20,1,0,0,0,0,0,0,0,0,0,0,1,1,0,0,0
4925,B1,1,1,4,2,0,0,0,0,0,0,0,0,0,0,1,1,0,0,0
4925,B2,12,0,3,20,0,0,0,0,0,0,0,0,0,0,1,1,0,0,0
4925,C1,16,1,7,0,0,0,0,0,0,0,0,0,0,0,1,2,0,0,0
4950,A1,3,20,0,8,0,0,0,0,0,0,0,0,0,0,1,2,1,4,1
4950,B0,0,3,20,4,0,0,0,0,0,0,0,0,0,0,1,1,0,0,0
4950,B1,2,1,3,1,0,0,0,0,0,0,0,0,0,0,1,1,0,0,0
4950,B2,13,0,1,21,0,0,0,0,0,0,0,0,0,0,1,1,0,0,0
4950,C1,20,3,1,0,0,0,0,0,0,0,0,0,0,0,1,2,0,0,0
4975,A1,4,20,0,8,0,0,0,0,0,0,0,0,0,1,0,2,1,4,1
4975,B0,0,4,18,1,0,0,0,0,0,0,0,0,0,1,0,1,0,0,0
4975,B1,4,3,1,1,0,0,0,0,0,0,0,0,0,1,0,2,0,0,0
4975,B2,16,0,2,18,0,0,0,0,0,0,0,0,0,1,0,1,0,0,0
4975,C1,20,6,1,0,0,0,0,0,0,0,0,0,0,1,0,2,0,0,0
5000,A1,1,20,0,8,0,0,0,0,0,0,0,0,0,1,0,2,1,4,1
5000,B0,0,1,20,4,0,0,0,0,0,0,0,0,0,1,0,1,0,0,0
5000,B1,4,1,1,1,0,0,0,0,0,0,0,0,0,1,0,2,0,0,0
5000,B2,16,0,2,20,0,0,0,0,0,0,0,0,0,1,0,1,0,0,0
5000,C1,21,1,1,0,0,0,0,0,0,0,0,0,0,1,0,2,0,0,0
5025,A1,1,19,0,9,0,0,0,0,0,0,0,0,0,1,0,2,1,4,1
5025,B0,0,1,20,4,0,0,0,0,0,0,0,0,0,1,0,1,0,0,0
5025,B1,1,1,2,3,0,0,0,0,0,0,0,0,0,1,0,1,0,0,0
5025,B2,12,0,3,20,0,0,0,0,0,0,0,0,0,1,0,1,0,0,0
5025,C1,15,1,2,0,0,0,0,0,0,0,0,0,0,1,0,2,0,0,0
5050,A1,1,20,0,9,0,0,0,0,0,0,0,0,0,0,1,2,1,4,1
5050,B0,0,2,20,1,0,0,0,0,0,0,0,0,0,0,1,1,0,0,0
5050,B1,1,1,1,3,0,0,0,0,0,0,0,0,0,0,1,1,0,0,0
5050,B2,12,0,3,15,0,0,0,0,0,0,0,0,0,0,1,1,0,0,0
5050,C1,19,3,1,0,0,0,0,0,0,0,0,0,0,0,1,2,0,0,0
5075,A1,2,20,0,12,0,0,0,0,0,0,0,0,0,0,1,2,1,4,1
5075,B0,0,4,14,1,0,0,0,0,0,0,0,0,0,0,1,1,0,0,0
5075,B1,2,5,1,1,0,0,0,0,0,0,0,0,0,0,1,2,0,0,0
5075,B2,14,0,1,17,0,0,0,0,0,0,0,0,0,0,1,1,0,0,0
5075,C1,20,3,1,0,0,0,0,0,0,0,0,0,0,0,1,2,0,0,0
5100,A1,4,19,0,12,0,0,0,0,0,0,0,0,0,1,0,2,1,4,1
5100,B0,0,1,19,1,0,0,0,0,0,0,0,0,0,1,0,1,0,0,0
5100,B1,3,4,1,1,0,0,0,0,0,0,0,0,0,1,0,2,0,0,0
5100,B2,12,0,3,19,0,0,0,0,0,0,0,0,0,1,0,1,0,0,0
5100,C1,19,2,1,0,0,0,0,0,0,0,0,0,0,1,0,2,0,0,0
5125,A1,1,19,0,15,0,0,0,0,0,0,0,0,0,1,0,2,1,4,1
5125,B0,0,2,20,1,0,0,0,0,0,0,0,0,0,1,0,1,0,0,0
5125,B1,1,1,2,3,0,0,0,0,0,0,0,0,0,1,0,1,0,0,0
5125,B2,11,0,5,20,0,0,0,0,0,0,0,0,0,1,0,1,0,0,0
5125,C1,17,2,3,0,0,0,0,0,0,0,0,0,0,1,0,2,0,0,0
5150,A1,1,20,0,10,0,0,0,0,0,0,0,0,0,0,1,2,1,4,1
5150,B0,0,2,17,3,0,0,0,0,0,0,0,0,0,0,1,1,0,0,0
5150,B1,1,1,1,3,0,0,0,0,0,0,0,0,0,0,1,1,0,0,0
5150,B2,10,0,1,20,0,0,0,0,0,0,0,0,0,0,1,1,0,0,0
5150,C1,20,2,3,0,0,0,0,0,0,0,0,0,0,0,1,2,0,0,0
5175,A1,1,20,0,8,0,0,0,0,0,0,0,0,0,0,1,2,1,4,1
5175,B0,0,3,16,1,0,0,0,0,0,0,0,0,0,0,1,1,0,0,0
5175,B1,3,5,1,1,0,0,0,0,0,0,0,0,0,0,1,2,0,0,0
5175,B2,10,0,2,15,0,0,0,0,0,0,0,0,0,0,1,1,0,0,0
5175,C1,20,5,2,0,0,0,0,0,0,0,0,0,0,0,1,2,0,0,0
5200,A1,3,16,0,8,0,0,0,0,0,0,0,0,0,1,0,2,1,4,1
5200,B0,0,1,17,1,0,0,0,0,0,0,0,0,0,1,0,1,0,0,0
5200,B1,4,3,1,1,0,0,0,0,0,0,0,0,0,1,0,2,0,0,0
5200,B2,10,0,4,20,0,0,0,0,0,0,0,0,0,1,0,1,0,0,0
5200,C1,19,5,1,0,0,0,0,0,0,0,0,0,0,1,0,2,0,0,0
5225,A1,2,18,0,12,0,0,0,0,0,0,0,0,0,1,0,2,1,4,1
5225,B0,0,1,20,5,0,0,0,0,0,0,0,0,0,1,0,1,0,0,0
5225,B1,1,1,4,1,0,0,0,0,0,0,0,0,0,1,0,1,0,0,0
5225,B2,13,0,5,20,0,0,0,0,0,0,0,0,0,1,0,1,0,0,0
5225,C1,19,1,2,0,0,0,0,0,0,0,0,0,0,1,0,2,0,0,0
5250,A1,1,17,0,15,0,0,0,0,0,0,0,0,0,0,1,2,1,4,1
5250,B0,0,2,20,2,0,0,0,0,0,0,0,0,0,0,1,1,0,0,0
5250,B1,1,1,1,3,0,0,0,0,0,0,0,0,0,0,1,1,0,0,0
5250,B2,13,0,2,20,0,0,0,0,0,0,0,0,0,0,1,1,0,0,0
5250,C1,15,3,1,0,0,0,0,0,0,0,0,0,0,0,1,2,0,0,0
5275,A1,4,20,0,15,0,0,0,0,0,0,0,0,0,0,1,2,1,4,1
5275,B0,0,2,21,3,0,0,0,0,0,0,0,0,0,0,1,1,0,0,0
5275,B1,2,2,1,1,0,0,0,0,0,0,0,0,0,0,1,2,0,0,0
5275,B2,15,0,2,16,0,0,0,0,0,0,0,0,0,0,1,1,0,0,0
5275,C1,20,4,1,0,0,0,0,0,0,0,0,0,0,0,1,2,0,0,0
5300,A1,3,20,0,13,0,0,0,0,0,0,0,0,0,1,0,2,1,4,1
5300,B0,0,4,19,3,0,0,0,0,0,0,0,0,0,1,0,1,0,0,0
5300,B1,1,5,1,1,0,0,0,0,0,0,0,0,0,1,0,2,0,0,0
5300,B2,15,0,3,18,0,0,0,0,0,0,0,0,0,1,0,1,0,0,0
5300,C1,20,4,1,0,0,0,0,0,0,0,0,0,0,1,0,2,0,0,0
5325,A1,2,21,0,13,0,0,0,0,0,0,0,0,0,1,0,2,1,4,1
5325,B0,0,2,20,2,0,0,0,0,0,0,0,0,0,1,0,1,0,0,0
5325,B1,1,2,1,1,0,0,0,0,0,0,0,0,0,1,0,2,0,0,0
5325,B2,14,0,3,20,0,0,0,0,0,0,0,0,0,1,0,1,0,0,0
5325,C1,19,1,2,0,0,0,0,0,0,0,0,0,0,1,0,2,0,0,0
5350,A1,2,20,0,12,0,0,0,0,0,0,0,0,0,0,1,2,1,4,1
5350,B0,0,1,20,3,0,0,0,0,0,0,0,0,0,0,1,1,0,0,0
5350,B1,1,1,2,2,0,0,0,0,0,0,0,0,0,0,1,1,0,0,0
5350,B2,12,0,5,20,0,0,0,0,0,0,0,0,0,0,1,1,0,0,0
5350,C1,17,1,3,0,0,0,0,0,0,0,0,0,0,0,1,2,0,0,0
5375,A1,3,20,0,10,0,0,0,0,0,0,0,0,0,0,1,2,1,4,1
5375,B0,0,1,21,2,0,0,0,0,0,0,0,0,0,0,1,1,0,0,0
5375,B1,2,2,1,1,0,0,0,0,0,0,0,0,0,0,1,2,0,0,0
5375,B2,12,0,2,19,0,0,0,0,0,0,0,0,0,0,1,1,0,0,0
5375,C1,20,2,2,0,0,0,0,0,0,0,0,0,0,0,1,2,0,0,0
5400,A1,5,20,0,5,0,0,0,0,0,0,0,0,0,1,0,2,1,4,1
5400,B0,0,1,17,2,0,0,0,0,0,0,0,0,0,1,0,1,0,0,0
5400,B1,5,2,1,1,0,0,0,0,0,0,0,0,0,1,0,2,0,0,0
5400,B2,13,0,1,16,0,0,0,0,0,0,0,0,0,1,0,1,0,0,0
5400,C1,20,2,1,0,0,0,0,0,0,0,0,0,0,1,0,2,0,0,0
5425,A1,3,18,0,5,0,0,0,0,0,0,0,0,0,1,0,2,1,4,1
5425,B0,0,1,20,1,0,0,0,0,0,0,0,0,0,1,0,1,0,0,0
5425,B1,1,2,1,1,0,0,0,0,0,0,0,0,0,1,0,2,0,0,0
5425,B2,13,0,3,20,0,0,0,0,0,0,0,0,0,1,0,1,0,0,0
5425,C1,20,4,2,0,0,0,0,0,0,0,0,0,0,1,0,2,0,0,0
5450,A1,1,20,0,7,0,0,0,0,0,0,0,0,0,1,0,2,1,4,1
5450,B0,0,2,20,4,0,0,0,0,0,0,0,0,0,1,0,1,0,0,0
5450,B1,1,1,3,4,0,0,0,0,0,0,0,0,0,1,0,1,0,0,0
5450,B2,14,0,4,20,0,0,0,0,0,0,0,0,0,1,0,1,0,0,0
5450,C1,20,2,3,0,0,0,0,0,0,0,0,0,0,1,0,2,0,0,0
5475,A1,1,20,0,6,0,0,0,0,0,0,0,0,0,0,1,2,1,4,1
5475,B0,0,3,19,1,0,0,0,0,0,0,0,0,0,0,1,1,0,0,0
5475,B1,1,1,1,4,0,0,0,0,0,0,0,0,0,0,1,1,0,0,0
5475,B2,15,0,1,17,0,0,0,0,0,0,0,0,0,0,1,1,0,0,0
5475,C1,20,1,2,0,0,0,0,0,0,0,0,0,0,0,1,2,0,0,0
5500,A1,2,20,0,2,0,0,0,0,0,0,0,0,0,0,1,2,1,4,1
5500,B0,0,6,15,1,0,0,0,0,0,0,0,0,0,0,1,1,0,0,0
5500,B1,5,3,1,1,0,0,0,0,0,0,0,0,0,0,1,2,0,0,0
5500,B2,15,0,1,21,0,0,0,0,0,0,0,0,0,0,1,1,0,0,0
5500,C1,20,2,1,0,0,0,0,0,0,0,0,0,0,0,1,2,0,0,0
5525,A1,1,19,0,1,0,0,0,0,0,0,0,0,0,1,0,2,1,4,1
5525,B0,0,1,20,4,0,0,0,0,0,0,0,0,0,1,0,1,1,1,2
5525,B1,5,5,1,1,0,0,0,0,0,0,0,0,0,1,0,2,0,0,0
5525,B2,13,0,4,20,0,0,0,0,0,0,0,0,0,1,0,1,0,0,0
5525,C1,15,2,2,0,0,0,0,0,0,0,0,0,0,1,0,2,0,0,0
5550,A1,2,15,0,3,0,0,0,0,0,0,0,0,0,1,0,2,1,4,1
5550,B0,0,1,20,5,0,0,0,0,0,0,0,0,0,1,0,1,1,1,2
5550,B1,1,1,5,5,0,0,0,0,0,0,0,0,0,1,0,1,0,0,0
5550,B2,17,0,4,20,0,0,0,0,0,0,0,0,0,1,0,1,0,0,0
5550,C1,18,1,2,0,0,0,0,0,0,0,0,0,0,1,0,2,0,0,0
5575,A1,1,18,0,4,0,0,0,0,0,0,0,0,0,0,1,2,1,4,1
5575,B0,0,1,20,2,0,0,0,0,0,0,0,0,0,0,1,1,1,1,2
5575,B1,1,1,6,1,0,0,0,0,0,0,0,0,0,0,1,1,0,0,0
5575,B2,17,0,3,19,0,0,0,0,0,0,0,0,0,0,1,1,0,0,0
5575,C1,19,3,1,0,0,0,0,0,0,0,0,0,0,0,1,2,0,0,0
5600,A1,2,20,0,1,0,0,0,0,0,0,0,0,0,0,1,2,1,4,1
5600,B0,0,4,11,1,0,0,0,0,0,0,0,0,0,0,1,1,1,1,2
5600,B1,2,3,2,1,0,0,0,0,0,0,0,0,0,0,1,2,0,0,0
5600,B2,18,0,1,16,0,0,0,0,0,0,0,0,0,0,1,1,0,0,0
5600,C1,20,3,1,0,0,0,0,0,0,0,0,0,0,0,1,2,0,0,0
5625,A1,2,19,0,1,0,0,0,0,0,0,0,0,0,1,0,2,1,4,1
5625,B0,0,1,19,4,0,0,0,0,0,0,0,0,0,1,0,1,1,1,2
5625,B1,4,1,1,1,0,0,0,0,0,0,0,0,0,1,0,2,0,0,0
5625,B2,17,0,3,19,0,0,0,0,0,0,0,0,0,1,0,1,0,0,0
5625,C1,19,3,3,0,0,0,0,0,0,0,0,0,0,1,0,2,0,0,0
5650,A1,1,18,0,5,0,0,0,0,0,0,0,0,0,1,0,2,1,4,1
5650,B0,0,2,20,5,0,0,0,0,0,0,0,0,0,1,0,1,1,1,2
5650,B1,1,1,1,1,0,0,0,0,0,0,0,0,0,1,0,1,0,0,0
5650,B2,14,0,3,20,0,0,0,0,0,0,0,0,0,1,0,1,0,0,0
5650,C1,20,1,6,0,0,0,0,0,0,0,0,0,0,1,0,2,0,0,0
5675,A1,4,16,0,3,0,0,0,0,0,0,0,0,0,0,1,2,1,4,1
5675,B0,0,2,18,4,0,0,0,0,0,0,0,0,0,0,1,1,1,1,2
5675,B1,1,1,1,1,0,0,0,0,0,0,0,0,0,0,1,1,0,0,0
5675,B2,11,0,3,20,0,0,0,0,0,0,0,0,0,0,1,1,0,0,0
5675,C1,19,2,4,0,0,0,0,0,0,0,0,0,0,0,1,2,0,0,0
5700,A1,5,20,0,3,0,0,0,0,0,0,0,0,0,0,1,2,1,4,1
5700,B0,0,5,19,2,0,0,0,0,0,0,0,0,0,0,1,1,1,1,2
5700,B1,1,2,1,1,0,0,0,0,0,0,0,0,0,0,1,2,0,0,0
5700,B2,11,0,1,15,0,0,0,0,0,0,0,0,0,0,1,1,0,0,0
5700,C1,20,2,4,0,0,0,0,0,0,0,0,0,0,0,1,2,0,0,0
5725,A1,5,20,0,1,0,0,0,0,0,0,0,0,0,1,0,2,1,4,1
5725,B0,0,2,19,1,0,0,0,0,0,0,0,0,0,1,0,1,1,1,2
5725,B1,5,3,1,1,0,0,0,0,0,0,0,0,0,1,0,2,0,0,0
5725,B2,9,0,4,17,0,0,0,0,0,0,0,0,0,1,0,1,0,0,0
5725,C1,20,6,3,0,0,0,0,0,0,0,0,0,0,1,0,2,0,0,0
5750,A1,1,20,0,2,0,0,0,0,0,0,0,0,0,1,0,2,1,4,1
5750,B0,0,2,20,4,0,0,0,0,0,0,0,0,0,1,0,1,1,1,2
5750,B1,1,1,1,1,0,0,0,0,0,0,0,0,0,1,0,1,0,0,0
5750,B2,7,0,4,20,0,0,0,0,0,0,0,0,0,1,0,1,0,0,0
5750,C1,20,1,4,0,0,0,0,0,0,0,0,0,0,1,0,2,0,0,0
5775,A1,2,19,0,3,0,0,0,0,0,0,0,0,0,0,1,2,1,4,1
5775,B0,0,1,20,3,0,0,0,0,0,0,0,0,0,0,1,1,1,1,2
5775,B1,1,1,4,2,0,0,0,0,0,0,0,0,0,0,1,1,0,0,0
5775,B2,5,0,5,20,0,0,0,0,0,0,0,0,0,0,1,1,0,0,0
5775,C1,19,1,5,0,0,0,0,0,0,0,0,0,0,0,1,2,0,0,0
5800,A1,4,20,0,1,0,0,0,0,0,0,0,0,0,0,1,2,1,4,1
5800,B0,0,1,19,4,0,0,0,0,0,0,0,0,0,0,1,1,1,1,2
5800,B1,1,1,2,1,0,0,0,0,0,0,0,0,0,0,1,1,0,0,0
5800,B2,6,0,2,20,0,0,0,0,0,0,0,0,0,0,1,1,0,0,0
5800,C1,20,3,3,0,0,0,0,0,0,0,0,0,0,0,1,2,0,0,0
5825,A1,2,20,0,1,0,0,0,0,0,0,0,0,0,1,0,2,1,4,1
5825,B0,0,3,19,1,0,0,0,0,0,0,0,0,0,1,0,1,1,1,2
5825,B1,2,3,1,1,0,0,0,0,0,0,0,0,0,1,0,2,0,0,0
5825,B2,6,0,1,18,0,0,0,0,0,0,0,0,0,1,0,1,0,0,0
5825,C1,19,3,1,0,0,0,0,0,0,0,0,0,0,1,0,2,0,0,0
5850,A1,2,19,0,2,0,0,0,0,0,0,0,0,0,1,0,2,1,4,1
5850,B0,0,1,20,2,0,0,0,0,0,0,0,0,0,1,0,1,1,1,2
5850,B1,1,1,1,2,0,0,0,0,0,0,0,0,0,1,0,1,0,0,0
5850,B2,2,0,2,20,0,0,0,0,0,0,0,0,0,1,0,1,0,0,0
5850,C1,18,5,3,0,0,0,0,0,0,0,0,0,0,1,0,2,0,0,0
5875,A1,1,18,0,2,0,0,0,0,0,0,0,0,0,1,0,2,1,4,1
5875,B0,0,3,20,2,0,0,0,0,0,0,0,0,0,1,0,1,1,1,2
5875,B1,1,1,3,3,0,0,0,0,0,0,0,0,0,1,0,1,0,0,0
5875,B2,2,0,5,20,0,0,0,0,0,0,0,0,0,1,0,1,0,0,0
5875,C1,20,1,6,0,0,0,0,0,0,0,0,0,0,1,0,2,0,0,0
5900,A1,3,20,0,1,0,0,0,0,0,0,0,0,0,0,1,2,1,4,1
5900,B0,0,3,19,2,0,0,0,0,0,0,0,0,0,0,1,1,1,1,2
5900,B1,1,1,2,4,0,0,0,0,0,0,0,0,0,0,1,1,0,0,0
5900,B2,2,0,1,19,0,0,0,0,0,0,0,0,0,0,1,1,0,0,0
5900,C1,20,3,4,0,0,0,0,0,0,0,0,0,0,0,1,2,0,0,0
5925,A1,3,20,0,2,0,0,0,0,0,0,0,0,0,0,1,2,1,4,1
5925,B0,0,4,18,1,0,0,0,0,0,0,0,0,0,0,1,1,1,1,2
5925,B1,3,6,1,1,0,0,0,0,0,0,0,0,0,0,1,2,0,0,0
5925,B2,4,0,1,16,0,0,0,0,0,0,0,0,0,0,1,1,0,0,0
5925,C1,20,5,7,0,0,0,0,0,0,0,0,0,0,0,1,2,0,0,0
5950,A1,2,20,0,2,0,0,0,0,0,0,0,0,0,1,0,2,1,4,1
5950,B0,0,1,20,5,0,0,0,0,0,0,0,0,0,1,0,1,1,1,2
5950,B1,4,4,1,1,0,0,0,0,0,0,0,0,0,1,0,2,0,0,0
5950,B2,1,0,3,20,0,0,0,0,0,0,0,0,0,1,0,1,0,0,0
5950,C1,20,1,8,0,0,0,0,0,0,0,0,0,0,1,0,2,0,0,0
5975,A1,1,18,0,5,0,0,0,0,0,0,0,0,0,1,0,2,1,4,1
5975,B0,0,4,20,6,0,0,0,0,0,0,0,0,0,1,0,1,1,1,2
5975,B1,1,1,1,1,0,0,0,0,0,0,0,0,0,1,0,1,0,0,0
5975,B2,2,0,4,20,0,0,0,0,0,0,0,0,0,1,0,1,0,0,0
5975,C1,18,1,11,0,0,0,0,0,0,0,0,0,0,1,0,2,0,0,0
6000,A1,2,19,0,1,0,0,0,0,0,0,0,0,0,0,1,2,1,4,1
6000,B0,0,3,20,4,0,0,0,0,0,0,0,0,0,0,1,1,1,1,2
6000,B1,1,1,2,3,0,0,0,0,0,0,0,0,0,0,1,1,0,0,0
6000,B2,2,0,1,20,0,0,0,0,0,0,0,0,0,0,1,1,0,0,0
6000,C1,18,3,4,0,0,0,0,0,0,0,0,0,0,0,1,2,0,0,0
6025,A1,3,20,0,3,0,0,0,0,0,0,0,0,0,0,1,2,1,4,1
6025,B0,0,4,21,1,0,0,0,0,0,0,0,0,0,0,1,1,1,1,2
6025,B1,2,2,1,1,0,0,0,0,0,0,0,0,0,0,1,2,0,0,0
6025,B2,2,0,1,18,0,0,0,0,0,0,0,0,0,0,1,1,0,0,0
6025,C1,20,3,1,0,0,0,0,0,0,0,0,0,0,0,1,2,0,0,0
6050,A1,1,20,0,1,0,0,0,0,0,0,0,0,0,1,0,2,1,4,1
6050,B0,0,2,19,1,0,0,0,0,0,0,0,0,0,1,0,1,1,1,2
6050,B1,1,3,1,1,0,0,0,0,0,0,0,0,0,1,0,2,0,0,0
6050,B2,1,0,4,18,0,0,0,0,0,0,0,0,0,1,0,1,0,0,0
6050,C1,19,5,1,0,0,0,0,0,0,0,0,0,0,1,0,2,0,0,0
6075,A1,2,19,0,1,0,0,0,0,0,0,0,0,0,1,0,2,1,4,1
6075,B0,0,5,20,2,0,0,0,0,0,0,0,0,0,1,0,1,1,1,2
6075,B1,1,1,3,3,0,0,0,0,0,0,0,0,0,1,0,1,0,0,0
6075,B2,3,0,7,20,0,0,0,0,0,0,0,0,0,1,0,1,0,0,0
6075,C1,14,1,3,0,0,0,0,0,0,0,0,0,0,1,0,2,0,0,0
6100,A1,2,20,0,1,0,0,0,0,0,0,0,0,0,0,1,2,1,4,1
6100,B0,0,6,20,2,0,0,0,0,0,0,0,0,0,0,1,1,1,1,2
6100,B1,1,1,6,7,0,0,0,0,0,0,0,0,0,0,1,1,0,0,0
6100,B2,1,0,4,20,0,0,0,0,0,0,0,0,0,0,1,1,0,0,0
6100,C1,16,3,2,0,0,0,0,0,0,0,0,0,0,0,1,2,0,0,0
6125,A1,5,20,0,2,0,0,0,0,0,0,0,0,0,0,1,2,1,4,1
6125,B0,0,9,17,1,0,0,0,0,0,0,0,0,0,0,1,1,1,1,2
6125,B1,1,2,2,3,0,0,0,0,0,0,0,0,0,0,1,1,0,0,0
6125,B2,1,0,1,21,0,0,0,0,0,0,0,0,0,0,1,1,0,0,0
6125,C1,20,2,2,0,0,0,0,0,0,0,0,0,0,0,1,2,0,0,0
6150,A1,3,20,0,2,0,0,0,0,0,0,0,0,0,1,0,2,1,4,1
6150,B0,0,8,16,1,0,0,0,0,0,0,0,0,0,1,0,1,1,1,2
6150,B1,3,1,1,1,0,0,0,0,0,0,0,0,0,1,0,2,0,0,0
6150,B2,3,0,3,16,0,0,0,0,0,0,0,0,0,1,0,1,0,0,0
6150,C1,20,1,3,0,0,0,0,0,0,0,0,0,0,1,0,2,0,0,0
6175,A1,1,19,0,3,0,0,0,0,0,0,0,0,0,1,0,2,1,4,1
6175,B0,0,8,19,1,0,0,0,0,0,0,0,0,0,1,0,1,1,1,2
6175,B1,1,1,1,2,0,0,0,0,0,0,0,0,0,1,0,1,0,0,0
6175,B2,4,0,3,20,0,0,0,0,0,0,0,0,0,1,0,1,0,0,0
6175,C1,21,3,4,0,0,0,0,0,0,0,0,0,0,1,0,2,0,0,0
6200,A1,1,17,0,2,0,0,0,0,0,0,0,0,0,0,1,2,1,4,1
6200,B0,0,7,20,4,0,0,0,0,0,0,0,0,0,0,1,1,1,1,2
6200,B1,1,1,2,3,0,0,0,0,0,0,0,0,0,0,1,1,0,0,0
6200,B2,7,0,6,20,0,0,0,0,0,0,0,0,0,0,1,1,0,0,0
6200,C1,20,1,4,0,0,0,0,0,0,0,0,0,0,0,1,2,0,0,0
6225,A1,2,20,0,2,0,0,0,0,0,0,0,0,0,0,1,2,1,4,1
6225,B0,0,7,19,1,0,0,0,0,0,0,0,0,0,0,1,1,1,1,2
6225,B1,1,2,2,4,0,0,0,0,0,0,0,0,0,0,1,1,0,0,0
6225,B2,7,0,2,20,0,0,0,0,0,0,0,0,0,0,1,1,0,0,0
6225,C1,20,2,5,0,0,0,0,0,0,0,0,0,0,0,1,2,0,0,0
6250,A1,3,20,0,2,0,0,0,0,0,0,0,0,0,1,0,2,1,4,1
6250,B0,0,7,18,3,0,0,0,0,0,0,0,0,0,1,0,1,1,1,2
6250,B1,2,2,1,1,0,0,0,0,0,0,0,0,0,1,0,2,0,0,0
6250,B2,8,0,3,16,0,0,0,0,0,0,0,0,0,1,0,1,0,0,0
6250,C1,20,1,6,0,0,0,0,0,0,0,0,0,0,1,0,2,0,0,0
6275,A1,1,19,0,2,0,0,0,0,0,0,0,0,0,1,0,2,1,4,1
6275,B0,0,1,20,4,0,0,0,0,0,0,0,0,0,1,0,1,1,1,2
6275,B1,1,1,2,1,0,0,0,0,0,0,0,0,0,1,0,1,0,0,0
6275,B2,9,0,3,20,0,0,0,0,0,0,0,0,0,1,0,1,0,0,0
6275,C1,18,7,6,0,0,0,0,0,0,0,0,0,0,1,0,2,0,0,0
6300,A1,1,19,0,5,0,0,0,0,0,0,0,0,0,0,1,2,1,4,1
6300,B0,0,1,20,6,0,0,0,0,0,0,0,0,0,0,1,1,1,1,2
6300,B1,1,1,2,2,0,0,0,0,0,0,0,0,0,0,1,1,0,0,0
6300,B2,12,0,5,20,0,0,0,0,0,0,0,0,0,0,1,1,0,0,0
6300,C1,20,3,7,0,0,0,0,0,0,0,0,0,0,0,1,2,0,0,0
6325,A1,1,20,0,1,0,0,0,0,0,0,0,0,0,0,1,2,1,4,1
6325,B0,0,1,18,2,0,0,0,0,0,0,0,0,0,0,1,1,1,1,2
6325,B1,1,1,1,1,0,0,0,0,0,0,0,0,0,0,1,1,0,0,0
6325,B2,14,0,3,20,0,0,0,0,0,0,0,0,0,0,1,1,0,0,0
6325,C1,20,1,1,0,0,0,0,0,0,0,0,0,0,0,1,2,0,0,0
6350,A1,4,20,0,1,0,0,0,0,0,0,0,0,0,0,1,2,1,4,1
6350,B0,0,4,17,1,0,0,0,0,0,0,0,0,0,0,1,1,1,1,2
6350,B1,4,3,1,1,0,0,0,0,0,0,0,0,0,0,1,2,0,0,0
6350,B2,16,0,1,18,0,0,0,0,0,0,0,0,0,0,1,1,0,0,0
6350,C1,20,2,1,0,0,0,0,0,0,0,0,0,0,0,1,2,0,0,0
6375,A1,1,20,0,1,0,0,0,0,0,0,0,0,0,1,0,2,1,4,1
6375,B0,0,1,20,3,0,0,0,0,0,0,0,0,0,1,0,1,1,1,2
6375,B1,2,1,1,1,0,0,0,0,0,0,0,0,0,1,0,2,0,0,0
6375,B2,19,0,2,20,0,0,0,0,0,0,0,0,0,1,0,1,0,0,0
6375,C1,19,2,1,0,0,0,0,0,0,0,0,0,0,1,0,2,0,0,0
6400,A1,1,13,0,2,0,0,0,0,0,0,0,0,0,1,0,2,1,4,1
6400,B0,0,2,20,3,0,0,0,0,0,0,0,0,0,1,0,1,1,1,2
6400,B1,1,1,3,5,0,0,0,0,0,0,0,0,0,1,0,1,0,0,0
6400,B2,20,0,3,20,0,0,0,0,0,0,0,0,0,1,0,1,0,0,0
6400,C1,15,2,3,0,0,0,0,0,0,0,0,0,0,1,0,2,0,0,0
6425,A1,3,19,0,1,0,0,0,0,0,0,0,0,0,0,1,2,1,4,1
6425,B0,0,3,19,2,0,0,0,0,0,0,0,0,0,0,1,1,1,1,2
6425,B1,1,1,5,6,0,0,0,0,0,0,0,0,0,0,1,1,0,0,0
6425,B2,20,0,2,20,0,0,0,0,0,0,0,0,0,0,1,1,0,0,0
6425,C1,20,2,1,0,0,0,0,0,0,0,0,0,0,0,1,2,0,0,0
6450,A1,4,20,0,2,0,0,0,0,0,0,0,0,0,0,1,2,1,4,1
6450,B0,0,3,17,1,0,0,0,0,0,0,0,0,0,0,1,1,1,1,2
6450,B1,4,2,1,1,0,0,0,0,0,0,0,0,0,0,1,2,0,0,0
6450,B2,20,0,1,20,0,0,0,0,0,0,0,0,0,0,1,1,0,0,0
6450,C1,20,4,1,0,0,0,0,0,0,0,0,0,0,0,1,2,0,0,0
6475,A1,2,20,0,1,0,0,0,0,0,0,0,0,0,1,0,2,1,4,1
6475,B0,0,1,18,3,0,0,0,0,0,0,0,0,0,1,0,1,1,1,2
6475,B1,4,1,1,1,0,0,0,0,0,0,0,0,0,1,0,2,0,0,0
6475,B2,19,0,2,19,0,0,0,0,0,0,0,0,0,1,0,1,0,0,0
6475,C1,20,3,2,0,0,0,0,0,0,0,0,0,0,1,0,2,0,0,0
6500,A1,1,19,0,1,0,0,0,0,0,0,0,0,0,1,0,2,1,4,1
6500,B0,0,2,20,3,0,0,0,0,0,0,0,0,0,1,0,1,1,1,2
6500,B1,1,1,2,3,0,0,0,0,0,0,0,0,0,1,0,1,0,0,0
6500,B2,20,0,3,19,0,0,0,0,0,0,0,0,0,1,0,1,0,0,0
6500,C1,21,1,4,0,0,0,0,0,0,0,0,0,0,1,0,2,0,0,0
6525,A1,2,19,0,1,0,0,0,0,0,0,0,0,0,0,1,2,1,4,1
6525,B0,0,1,20,2,0,0,0,0,0,0,0,0,0,0,1,1,1,1,2
6525,B1,1,1,1,1,0,0,0,0,0,0,0,0,0,0,1,1,0,0,0
6525,B2,18,0,2,20,0,0,0,0,0,0,0,0,0,0,1,1,0,0,0
6525,C1,20,2,1,0,0,0,0,0,0,0,0,0,0,0,1,2,0,0,0
6550,A1,2,20,0,3,0,0,0,0,0,0,0,0,0,0,1,2,1,4,1
6550,B0,0,2,19,2,0,0,0,0,0,0,0,0,0,0,1,1,1,1,2
6550,B1,2,2,1,1,0,0,0,0,0,0,0,0,0,0,1,2,0,0,0
6550,B2,20,0,1,20,0,0,0,0,0,0,0,0,0,0,1,1,0,0,0
6550,C1,20,3,4,0,0,0,0,0,0,0,0,0,0,0,1,2,0,0,0
6575,A1,2,20,0,1,0,0,0,0,0,0,0,0,0,1,0,2,1,4,1
6575,B0,0,1,19,4,0,0,0,0,0,0,0,0,0,1,0,1,1,1,2
6575,B1,1,2,1,1,0,0,0,0,0,0,0,0,0,1,0,2,0,0,0
6575,B2,16,0,1,18,0,0,0,0,0,0,0,0,0,1,0,1,0,0,0
6575,C1,18,2,2,0,0,0,0,0,0,0,0,0,0,1,0,2,0,0,0
6600,A1,2,20,0,3,0,0,0,0,0,0,0,0,0,1,0,2,1,4,1
6600,B0,0,3,20,4,0,0,0,0,0,0,0,0,0,1,0,1,1,1,2
6600,B1,1,1,2,2,0,0,0,0,0,0,0,0,0,1,0,1,0,0,0
6600,B2,15,0,1,20,0,0,0,0,0,0,0,0,0,1,0,1,0,0,0
6600,C1,19,3,4,0,0,0,0,0,0,0,0,0,0,1,0,2,0,0,0
6625,A1,3,20,0,1,0,0,0,0,0,0,0,0,0,0,1,2,1,4,1
6625,B0,0,4,20,5,0,0,0,0,0,0,0,0,0,0,1,1,1,1,2
6625,B1,1,1,3,2,0,0,0,0,0,0,0,0,0,0,1,1,0,0,0
6625,B2,16,0,1,20,0,0,0,0,0,0,0,0,0,0,1,1,0,0,0
6625,C1,18,2,4,0,0,0,0,0,0,0,0,0,0,0,1,2,0,0,0
6650,A1,2,20,0,3,0,0,0,0,0,0,0,0,0,0,1,2,1,4,1
6650,B0,0,5,19,2,0,0,0,0,0,0,0,0,0,0,1,1,1,1,2
6650,B1,3,1,1,1,0,0,0,0,0,0,0,0,0,0,1,2,0,0,0
6650,B2,17,0,1,20,0,0,0,0,0,0,0,0,0,0,1,1,0,0,0
6650,C1,20,2,6,0,0,0,0,0,0,0,0,0,0,0,1,2,0,0,0
6675,A1,2,21,0,3,0,0,0,0,0,0,0,0,0,1,0,2,1,4,1
6675,B0,0,4,18,1,0,0,0,0,0,0,0,0,0,1,0,1,1,1,2
6675,B1,2,3,1,1,0,0,0,0,0,0,0,0,0,1,0,2,0,0,0
6675,B2,18,0,5,19,0,0,0,0,0,0,0,0,0,1,0,1,0,0,0
6675,C1,20,2,7,0,0,0,0,0,0,0,0,0,0,1,0,2,0,0,0
6700,A1,3,21,0,4,0,0,0,0,0,0,0,0,0,1,0,2,1,4,1
6700,B0,0,1,20,3,0,0,0,0,0,0,0,0,0,1,0,1,1,1,2
6700,B1,1,1,2,1,0,0,0,0,0,0,0,0,0,1,0,1,0,0,0
6700,B2,20,0,1,19,0,0,0,0,0,0,0,0,0,1,0,1,0,0,0
6700,C1,17,1,9,0,0,0,0,0,0,0,0,0,0,1,0,2,0,0,0
6725,A1,1,18,0,3,0,0,0,0,0,0,0,0,0,0,1,2,1,4,1
6725,B0,0,1,20,4,0,0,0,0,0,0,0,0,0,0,1,1,1,1,2
6725,B1,1,1,4,3,0,0,0,0,0,0,0,0,0,0,1,1,0,0,0
6725,B2,20,0,10,19,0,0,0,0,0,0,0,0,0,0,1,1,0,0,0
6725,C1,18,3,9,0,0,0,0,0,0,0,0,0,0,0,1,2,0,0,0
6750,A1,1,19,0,1,0,0,0,0,0,0,0,0,0,0,1,2,1,4,1
6750,B0,0,2,17,3,0,0,0,0,0,0,0,0,0,0,1,1,1,1,2
6750,B1,1,2,1,3,0,0,0,0,0,0,0,0,0,0,1,1,0,0,0
6750,B2,20,0,2,19,0,0,0,0,0,0,0,0,0,0,1,1,0,0,0
6750,C1,20,2,5,0,0,0,0,0,0,0,0,0,0,0,1,2,0,0,0
6775,A1,2,20,0,1,0,0,0,0,0,0,0,0,0,0,1,2,1,4,1
6775,B0,0,3,12,1,0,0,0,0,0,0,0,0,0,0,1,1,1,1,2
6775,B1,5,7,1,1,0,0,0,0,0,0,0,0,0,0,1,2,0,0,0
6775,B2,20,0,1,20,0,0,0,0,0,0,0,0,0,0,1,1,0,0,0
6775,C1,20,5,5,0,0,0,0,0,0,0,0,0,0,0,1,2,0,0,0
6800,A1,1,18,0,1,0,0,0,0,0,0,0,0,0,1,0,2,1,4,1
6800,B0,0,1,20,2,0,0,0,0,0,0,0,0,0,1,0,1,1,1,2
6800,B1,3,1,1,1,0,0,0,0,0,0,0,0,0,1,0,2,0,0,0
6800,B2,20,0,1,20,0,0,0,0,0,0,0,0,0,1,0,1,0,0,0
6800,C1,17,1,5,0,0,0,0,0,0,0,0,0,0,1,0,2,0,0,0
6825,A1,1,12,0,3,0,0,0,0,0,0,0,0,0,1,0,2,1,4,1
6825,B0,0,1,20,4,0,0,0,0,0,0,0,0,0,1,0,1,1,1,2
6825,B1,1,1,2,6,0,0,0,0,0,0,0,0,0,1,0,1,0,0,0
6825,B2,20,0,1,20,0,0,0,0,0,0,0,0,0,1,0,1,0,0,0
6825,C1,18,1,8,0,0,0,0,0,0,0,0,0,0,1,0,2,0,0,0
6850,A1,1,20,0,1,0,0,0,0,0,0,0,0,0,0,1,2,1,4,1
6850,B0,0,1,18,2,0,0,0,0,0,0,0,0,0,0,1,1,1,1,2
6850,B1,1,1,5,4,0,0,0,0,0,0,0,0,0,0,1,1,0,0,0
6850,B2,20,0,2,18,0,0,0,0,0,0,0,0,0,0,1,1,0,0,0
6850,C1,20,2,8,0,0,0,0,0,0,0,0,0,0,0,1,2,0,0,0
6875,A1,2,20,0,2,0,0,0,0,0,0,0,0,0,0,1,2,1,4,1
6875,B0,0,6,18,3,0,0,0,0,0,0,0,0,0,0,1,1,1,1,2
6875,B1,3,2,1,1,0,0,0,0,0,0,0,0,0,0,1,2,0,0,0
6875,B2,20,0,1,15,0,0,0,0,0,0,0,0,0,0,1,1,0,0,0
6875,C1,20,4,8,0,0,0,0,0,0,0,0,0,0,0,1,2,0,0,0
6900,A1,2,20,0,5,0,0,0,0,0,0,0,0,0,1,0,2,1,4,1
6900,B0,0,1,18,5,0,0,0,0,0,0,0,0,0,1,0,1,1,1,2
6900,B1,5,2,1,1,0,0,0,0,0,0,0,0,0,1,0,2,0,0,0
6900,B2,20,0,2,18,0,0,0,0,0,0,0,0,0,1,0,1,0,0,0
6900,C1,20,2,8,0,0,0,0,0,0,0,0,0,0,1,0,2,0,0,0
6925,A1,1,17,0,7,0,0,0,0,0,0,0,0,0,1,0,2,1,4,1
6925,B0,0,3,20,6,0,0,0,0,0,0,0,0,0,1,0,1,1,1,2
6925,B1,1,1,3,2,0,0,0,0,0,0,0,0,0,1,0,1,0,0,0
6925,B2,15,0,2,20,0,0,0,0,0,0,0,0,0,1,0,1,0,0,0
6925,C1,18,1,9,0,0,0,0,0,0,0,0,0,0,1,0,2,0,0,0
6950,A1,1,20,0,5,0,0,0,0,0,0,0,0,0,0,1,2,1,4,1
6950,B0,0,2,20,6,0,0,0,0,0,0,0,0,0,0,1,1,1,1,2
6950,B1,1,1,1,3,0,0,0,0,0,0,0,0,0,0,1,1,0,0,0
6950,B2,18,0,1,19,0,0,0,0,0,0,0,0,0,0,1,1,0,0,0
6950,C1,17,1,8,0,0,0,0,0,0,0,0,0,0,0,1,2,0,0,0
6975,A1,3,20,0,1,0,0,0,0,0,0,0,0,0,0,1,2,1,4,1
6975,B0,0,3,21,1,0,0,0,0,0,0,0,0,0,0,1,1,1,1,2
6975,B1,1,3,1,1,0,0,0,0,0,0,0,0,0,0,1,2,0,0,0
6975,B2,20,0,2,18,0,0,0,0,0,0,0,0,0,0,1,1,0,0,0
6975,C1,20,6,7,0,0,0,0,0,0,0,0,0,0,0,1,2,0,0,0
7000,A1,2,20,0,1,0,0,0,0,0,0,0,0,0,1,0,2,1,4,1
7000,B0,0,4,19,1,0,0,0,0,0,0,0,0,0,1,0,1,1,1,2
7000,B1,2,1,1,1,0,0,0,0,0,0,0,0,0,1,0,2,0,0,0
7000,B2,17,0,1,19,0,0,0,0,0,0,0,0,0,1,0,1,0,0,0
7000,C1,20,3,5,0,0,0,0,0,0,0,0,0,0,1,0,2,0,0,0
7025,A1,2,20,0,3,0,0,0,0,0,0,0,0,0,1,0,2,1,4,1
7025,B0,0,5,20,1,0,0,0,0,0,0,0,0,0,1,0,1,1,1,2
7025,B1,1,1,2,2,0,0,0,0,0,0,0,0,0,1,0,1,0,0,0
7025,B2,18,0,3,20,0,0,0,0,0,0,0,0,0,1,0,1,0,0,0
7025,C1,15,4,6,0,0,0,0,0,0,0,0,0,0,1,0,2,0,0,0
7050,A1,3,20,0,2,0,0,0,0,0,0,0,0,0,0,1,2,1,4,1
7050,B0,0,5,20,2,0,0,0,0,0,0,0,0,0,0,1,1,1,1,2
7050,B1,1,1,7,5,0,0,0,0,0,0,0,0,0,0,1,1,0,0,0
7050,B2,19,0,3,20,0,0,0,0,0,0,0,0,0,0,1,1,0,0,0
7050,C1,19,2,5,0,0,0,0,0,0,0,0,0,0,0,1,2,0,0,0
7075,A1,3,20,0,4,0,0,0,0,0,0,0,0,0,0,1,2,1,4,1
7075,B0,0,6,21,2,0,0,0,0,0,0,0,0,0,0,1,1,1,1,2
7075,B1,2,1,1,1,0,0,0,0,0,0,0,0,0,0,1,2,0,0,0
7075,B2,20,0,1,19,0,0,0,0,0,0,0,0,0,0,1,1,0,0,0
7075,C1,20,4,4,0,0,0,0,0,0,0,0,0,0,0,1,2,0,0,0
7100,A1,2,20,0,4,0,0,0,0,0,0,0,0,0,1,0,2,1,4,1
7100,B0,0,4,16,1,0,0,0,0,0,0,0,0,0,1,0,1,1,1,2
7100,B1,3,1,1,1,0,0,0,0,0,0,0,0,0,1,0,2,0,0,0
7100,B2,19,0,3,19,0,0,0,0,0,0,0,0,0,1,0,1,0,0,0
7100,C1,20,3,2,0,0,0,0,0,0,0,0,0,0,1,0,2,0,0,0
7125,A1,2,20,0,5,0,0,0,0,0,0,0,0,0,1,0,2,1,4,1
7125,B0,0,2,20,1,0,0,0,0,0,0,0,0,0,1,0,1,1,1,2
7125,B1,1,1,2,1,0,0,0,0,0,0,0,0,0,1,0,1,0,0,0
7125,B2,17,0,6,20,0,0,0,0,0,0,0,0,0,1,0,1,0,0,0
7125,C1,18,3,4,0,0,0,0,0,0,0,0,0,0,1,0,2,0,0,0
7150,A1,1,18,0,4,0,0,0,0,0,0,0,0,0,0,1,2,1,4,1
7150,B0,0,1,20,5,0,0,0,0,0,0,0,0,0,0,1,1,1,1,2
7150,B1,1,1,3,4,0,0,0,0,0,0,0,0,0,0,1,1,0,0,0
7150,B2,20,0,6,20,0,0,0,0,0,0,0,0,0,0,1,1,0,0,0
7150,C1,20,2,3,0,0,0,0,0,0,0,0,0,0,0,1,2,0,0,0
7175,A1,2,20,0,2,0,0,0,0,0,0,0,0,0,0,1,2,1,4,1
7175,B0,0,3,18,1,0,0,0,0,0,0,0,0,0,0,1,1,1,1,2
7175,B1,2,1,1,1,0,0,0,0,0,0,0,0,0,0,1,2,0,0,0
7175,B2,20,0,2,20,0,0,0,0,0,0,0,0,0,0,1,1,0,0,0
7175,C1,20,4,4,0,0,0,0,0,0,0,0,0,0,0,1,2,0,0,0
7200,A1,4,20,0,1,0,0,0,0,0,0,0,0,0,0,1,2,1,4,1
7200,B0,0,4,18,1,0,0,0,0,0,0,0,0,0,0,1,1,1,1,2
7200,B1,5,5,1,1,0,0,0,0,0,0,0,0,0,0,1,2,0,0,0
7200,B2,20,0,1,19,0,0,0,0,0,0,0,0,0,0,1,1,0,0,0
7200,C1,20,5,3,0,0,0,0,0,0,0,0,0,0,0,1,2,0,0,0
7225,A1,1,17,0,1,0,0,0,0,0,0,0,0,0,1,0,2,1,4,1
7225,B0,0,3,20,4,0,0,0,0,0,0,0,0,0,1,0,1,1,1,2
7225,B1,2,5,1,1,0,0,0,0,0,0,0,0,0,1,0,2,0,0,0
7225,B2,17,0,2,19,0,0,0,0,0,0,0,0,0,1,0,1,0,0,0
7225,C1,20,2,3,0,0,0,0,0,0,0,0,0,0,1,0,2,0,0,0
7250,A1,1,16,0,4,0,0,0,0,0,0,0,0,0,1,0,2,1,4,1
7250,B0,0,4,20,4,0,0,0,0,0,0,0,0,0,1,0,1,1,1,2
7250,B1,1,1,1,3,0,0,0,0,0,0,0,0,0,1,0,1,0,0,0
7250,B2,15,0,3,19,0,0,0,0,0,0,0,0,0,1,0,1,0,0,0
7250,C1,21,2,4,0,0,0,0,0,0,0,0,0,0,1,0,2,0,0,0
7275,A1,4,20,0,1,0,0,0,0,0,0,0,0,0,0,1,2,1,4,1
7275,B0,0,4,20,2,0,0,0,0,0,0,0,0,0,0,1,1,1,1,2
7275,B1,1,1,2,1,0,0,0,0,0,0,0,0,0,0,1,1,0,0,0
7275,B2,20,0,2,20,0,0,0,0,0,0,0,0,0,0,1,1,0,0,0
7275,C1,20,3,1,0,0,0,0,0,0,0,0,0,0,0,1,2,0,0,0
7300,A1,6,20,0,1,0,0,0,0,0,0,0,0,0,0,1,2,1,4,1
7300,B0,0,8,15,1,0,0,0,0,0,0,0,0,0,0,1,1,1,1,2
7300,B1,3,2,1,1,0,0,0,0,0,0,0,0,0,0,1,2,0,0,0
7300,B2,20,0,1,14,0,0,0,0,0,0,0,0,0,0,1,1,0,0,0
7300,C1,20,5,1,0,0,0,0,0,0,0,0,0,0,0,1,2,0,0,0
7325,A1,3,20,0,1,0,0,0,0,0,0,0,0,0,1,0,2,1,4,1
7325,B0,0,1,19,4,0,0,0,0,0,0,0,0,0,1,0,1,1,1,2
7325,B1,4,4,1,1,0,0,0,0,0,0,0,0,0,1,0,2,0,0,0
7325,B2,18,0,1,19,0,0,0,0,0,0,0,0,0,1,0,1,0,0,0
7325,C1,20,3,1,0,0,0,0,0,0,0,0,0,0,1,0,2,0,0,0
7350,A1,2,16,0,1,0,0,0,0,0,0,0,0,0,1,0,2,1,4,1
7350,B0,0,1,20,6,0,0,0,0,0,0,0,0,0,1,0,1,1,1,2
7350,B1,1,1,3,6,0,0,0,0,0,0,0,0,0,1,0,1,0,0,0
7350,B2,17,0,1,20,0,0,0,0,0,0,0,0,0,1,0,1,0,0,0
7350,C1,18,1,7,0,0,0,0,0,0,0,0,0,0,1,0,2,0,0,0
7375,A1,3,18,0,1,0,0,0,0,0,0,0,0,0,0,1,2,1,4,1
7375,B0,0,3,20,2,0,0,0,0,0,0,0,0,0,0,1,1,1,1,2
7375,B1,1,1,7,6,0,0,0,0,0,0,0,0,0,0,1,1,0,0,0
7375,B2,14,0,1,18,0,0,0,0,0,0,0,0,0,0,1,1,0,0,0
7375,C1,18,1,5,0,0,0,0,0,0,0,0,0,0,0,1,2,0,0,0
7400,A1,4,20,0,1,0,0,0,0,0,0,0,0,0,0,1,2,1,4,1
7400,B0,0,5,21,1,0,0,0,0,0,0,0,0,0,0,1,1,1,1,2
7400,B1,3,2,2,2,0,0,0,0,0,0,0,0,0,0,1,2,0,0,0
7400,B2,16,0,2,19,0,0,0,0,0,0,0,0,0,0,1,1,0,0,0
7400,C1,20,2,5,0,0,0,0,0,0,0,0,0,0,0,1,2,0,0,0
7425,A1,2,19,0,5,0,0,0,0,0,0,0,0,0,1,0,2,1,4,1
7425,B0,0,4,18,1,0,0,0,0,0,0,0,0,0,1,0,1,1,1,2
7425,B1,3,3,1,1,0,0,0,0,0,0,0,0,0,1,0,2,0,0,0
7425,B2,16,0,1,17,0,0,0,0,0,0,0,0,0,1,0,1,0,0,0
7425,C1,20,2,8,0,0,0,0,0,0,0,0,0,0,1,0,2,0,0,0
7450,A1,1,19,0,7,0,0,0,0,0,0,0,0,0,1,0,2,1,4,1
7450,B0,0,5,20,3,0,0,0,0,0,0,0,0,0,1,0,1,1,1,2
7450,B1,1,1,2,1,0,0,0,0,0,0,0,0,0,1,0,1,0,0,0
7450,B2,17,0,2,20,0,0,0,0,0,0,0,0,0,1,0,1,0,0,0
7450,C1,18,1,9,0,0,0,0,0,0,0,0,0,0,1,0,2,0,0,0
7475,A1,3,20,0,8,0,0,0,0,0,0,0,0,0,0,1,2,1,4,1
7475,B0,0,4,20,3,0,0,0,0,0,0,0,0,0,0,1,1,1,1,2
7475,B1,1,1,3,3,0,0,0,0,0,0,0,0,0,0,1,1,0,0,0
7475,B2,18,0,2,19,0,0,0,0,0,0,0,0,0,0,1,1,0,0,0
7475,C1,19,1,8,0,0,0,0,0,0,0,0,0,0,0,1,2,0,0,0
7500,A1,5,20,0,1,0,0,0,0,0,0,0,0,0,0,1,2,1,4,1
7500,B0,0,5,15,1,0,0,0,0,0,0,0,0,0,0,1,1,1,1,2
7500,B1,2,1,1,1,0,0,0,0,0,0,0,0,0,0,1,2,0,0,0
7500,B2,20,0,1,15,0,0,0,0,0,0,0,0,0,0,1,1,0,0,0
7500,C1,20,3,9,0,0,0,0,0,0,0,0,0,0,0,1,2,0,0,0
7525,A1,5,20,0,1,0,0,0,0,0,0,0,0,0,1,0,2,1,4,1
7525,B0,0,6,19,1,0,0,0,0,0,0,0,0,0,1,0,1,1,1,2
7525,B1,7,4,1,1,0,0,0,0,0,0,0,0,0,1,0,2,0,0,0
7525,B2,17,0,3,17,0,0,0,0,0,0,0,0,0,1,0,1,0,0,0
7525,C1,20,3,7,0,0,0,0,0,0,0,0,0,0,1,0,2,0,0,0
7550,A1,1,20,0,3,0,0,0,0,0,0,0,0,0,1,0,2,1,4,1
7550,B0,0,2,20,4,0,0,0,0,0,0,0,0,0,1,0,1,1,1,2
7550,B1,1,2,1,1,0,0,0,0,0,0,0,0,0,1,0,2,0,0,0
7550,B2,17,0,6,20,0,0,0,0,0,0,0,0,0,1,0,1,0,0,0
7550,C1,20,2,9,0,0,0,0,0,0,0,0,0,0,1,0,2,0,0,0
7575,A1,1,15,0,6,0,0,0,0,0,0,0,0,0,0,1,2,1,4,1
7575,B0,0,2,20,4,0,0,0,0,0,0,0,0,0,0,1,1,1,1,2
7575,B1,1,1,2,1,0,0,0,0,0,0,0,0,0,0,1,1,0,0,0
7575,B2,15,0,6,20,0,0,0,0,0,0,0,0,0,0,1,1,0,0,0
7575,C1,16,1,8,0,0,0,0,0,0,0,0,0,0,0,1,2,0,0,0
7600,A1,3,20,0,1,0,0,0,0,0,0,0,0,0,0,1,2,1,4,1
7600,B0,0,2,20,2,0,0,0,0,0,0,0,0,0,0,1,1,1,1,2
7600,B1,1,1,1,1,0,0,0,0,0,0,0,0,0,0,1,1,0,0,0
7600,B2,16,0,2,21,0,0,0,0,0,0,0,0,0,0,1,1,0,0,0
7600,C1,20,2,7,0,0,0,0,0,0,0,0,0,0,0,1,2,0,0,0
7625,A1,4,20,0,1,0,0,0,0,0,0,0,0,0,1,0,2,1,4,1
7625,B0,0,5,19,1,0,0,0,0,0,0,0,0,0,1,0,1,1,1,2
7625,B1,6,3,1,1,0,0,0,0,0,0,0,0,0,1,0,2,0,0,0
7625,B2,19,0,1,16,0,0,0,0,0,0,0,0,0,1,0,1,0,0,0
7625,C1,20,2,2,0,0,0,0,0,0,0,0,0,0,1,0,2,0,0,0
7650,A1,2,20,0,2,0,0,0,0,0,0,0,0,0,1,0,2,1,4,1
7650,B0,0,1,20,5,0,0,0,0,0,0,0,0,0,1,0,1,1,1,2
7650,B1,1,4,1,1,0,0,0,0,0,0,0,0,0,1,0,2,0,0,0
7650,B2,18,0,1,20,0,0,0,0,0,0,0,0,0,1,0,1,0,0,0
7650,C1,20,3,2,0,0,0,0,0,0,0,0,0,0,1,0,2,0,0,0
7675,A1,1,16,0,4,0,0,0,0,0,0,0,0,0,1,0,2,1,4,1
7675,B0,0,1,20,3,0,0,0,0,0,0,0,0,0,1,0,1,1,1,2
7675,B1,1,1,3,2,0,0,0,0,0,0,0,0,0,1,0,1,0,0,0
7675,B2,16,0,3,20,0,0,0,0,0,0,0,0,0,1,0,1,0,0,0
7675,C1,19,2,2,0,0,0,0,0,0,0,0,0,0,1,0,2,0,0,0
7700,A1,4,20,0,1,0,0,0,0,0,0,0,0,0,0,1,2,1,4,1
7700,B0,0,2,19,2,0,0,0,0,0,0,0,0,0,0,1,1,1,1,2
7700,B1,1,1,2,2,0,0,0,0,0,0,0,0,0,0,1,1,0,0,0
7700,B2,17,0,2,20,0,0,0,0,0,0,0,0,0,0,1,1,0,0,0
7700,C1,20,3,1,0,0,0,0,0,0,0,0,0,0,0,1,2,0,0,0
7725,A1,5,20,0,2,0,0,0,0,0,0,0,0,0,0,1,2,1,4,1
7725,B0,0,2,19,3,0,0,0,0,0,0,0,0,0,0,1,1,1,1,2
7725,B1,3,3,1,1,0,0,0,0,0,0,0,0,0,0,1,2,0,0,0
7725,B2,18,0,1,19,0,0,0,0,0,0,0,0,0,0,1,1,0,0,0
7725,C1,20,4,2,0,0,0,0,0,0,0,0,0,0,0,1,2,0,0,0
7750,A1,2,20,0,2,0,0,0,0,0,0,0,0,0,1,0,2,1,4,1
7750,B0,0,1,20,2,0,0,0,0,0,0,0,0,0,1,0,1,1,1,2
7750,B1,1,2,1,1,0,0,0,0,0,0,0,0,0,1,0,2,0,0,0
7750,B2,15,0,1,19,0,0,0,0,0,0,0,0,0,1,0,1,0,0,0
7750,C1,20,1,2,0,0,0,0,0,0,0,0,0,0,1,0,2,0,0,0
7775,A1,1,17,0,3,0,0,0,0,0,0,0,0,0,1,0,2,1,4,1
7775,B0,0,3,20,4,0,0,0,0,0,0,0,0,0,1,0,1,1,1,2
7775,B1,1,1,3,1,0,0,0,0,0,0,0,0,0,1,0,1,0,0,0
7775,B2,16,0,3,20,0,0,0,0,0,0,0,0,0,1,0,1,0,0,0
7775,C1,21,3,4,0,0,0,0,0,0,0,0,0,0,1,0,2,0,0,0
7800,A1,3,18,0,1,0,0,0,0,0,0,0,0,0,0,1,2,1,4,1
7800,B0,0,4,20,6,0,0,0,0,0,0,0,0,0,0,1,1,1,1,2
7800,B1,1,1,2,2,0,0,0,0,0,0,0,0,0,0,1,1,0,0,0
7800,B2,15,0,3,20,0,0,0,0,0,0,0,0,0,0,1,1,0,0,0
7800,C1,20,2,1,0,0,0,0,0,0,0,0,0,0,0,1,2,0,0,0
7825,A1,3,20,0,1,0,0,0,0,0,0,0,0,0,0,1,2,1,4,1
7825,B0,0,7,21,1,0,0,0,0,0,0,0,0,0,0,1,1,1,1,2
7825,B1,4,3,1,1,0,0,0,0,0,0,0,0,0,0,1,2,0,0,0
7825,B2,15,0,1,20,0,0,0,0,0,0,0,0,0,0,1,1,0,0,0
7825,C1,20,5,1,0,0,0,0,0,0,0,0,0,0,0,1,2,0,0,0
7850,A1,2,20,0,1,0,0,0,0,0,0,0,0,0,1,0,2,1,4,1
7850,B0,0,10,20,3,0,0,0,0,0,0,0,0,0,1,0,1,1,1,2
7850,B1,2,5,1,1,0,0,0,0,0,0,0,0,0,1,0,2,0,0,0
7850,B2,10,0,1,18,0,0,0,0,0,0,0,0,0,1,0,1,0,0,0
7850,C1,20,2,2,0,0,0,0,0,0,0,0,0,0,1,0,2,0,0,0
7875,A1,2,17,0,1,0,0,0,0,0,0,0,0,0,1,0,2,1,4,1
7875,B0,0,9,20,5,0,0,0,0,0,0,0,0,0,1,0,1,1,1,2
7875,B1,1,1,2,4,0,0,0,0,0,0,0,0,0,1,0,1,0,0,0
7875,B2,3,0,2,20,0,0,0,0,0,0,0,0,0,1,0,1,0,0,0
7875,C1,18,2,3,0,0,0,0,0,0,0,0,0,0,1,0,2,0,0,0
7900,A1,2,20,0,1,0,0,0,0,0,0,0,0,0,0,1,2,1,4,1
7900,B0,0,7,20,1,0,0,0,0,0,0,0,0,0,0,1,1,1,1,2
7900,B1,1,1,4,5,0,0,0,0,0,0,0,0,0,0,1,1,0,0,0
7900,B2,2,0,1,20,0,0,0,0,0,0,0,0,0,0,1,1,0,0,0
7900,C1,18,2,4,0,0,0,0,0,0,0,0,0,0,0,1,2,0,0,0
7925,A1,2,20,0,3,0,0,0,0,0,0,0,0,0,0,1,2,1,4,1
7925,B0,0,10,21,1,0,0,0,0,0,0,0,0,0,0,1,1,1,1,2
7925,B1,3,1,1,1,0,0,0,0,0,0,0,0,0,0,1,2,0,0,0
7925,B2,3,0,1,21,0,0,0,0,0,0,0,0,0,0,1,1,0,0,0
7925,C1,20,2,1,0,0,0,0,0,0,0,0,0,0,0,1,2,0,0,0
7950,A1,4,20,0,1,0,0,0,0,0,0,0,0,0,1,0,2,1,4,1
7950,B0,0,11,20,1,0,0,0,0,0,0,0,0,0,1,0,1,1,1,2
7950,B1,1,1,1,1,0,0,0,0,0,0,0,0,0,1,0,1,0,0,0
7950,B2,4,0,1,19,0,0,0,0,0,0,0,0,0,1,0,1,0,0,0
7950,C1,20,2,1,0,0,0,0,0,0,0,0,0,0,1,0,2,0,0,0
7975,A1,3,20,0,2,0,0,0,0,0,0,0,0,0,1,0,2,1,4,1
7975,B0,0,11,20,1,0,0,0,0,0,0,0,0,0,1,0,1,1,1,2
7975,B1,1,1,2,4,0,0,0,0,0,0,0,0,0,1,0,1,0,0,0
7975,B2,3,0,5,20,0,0,0,0,0,0,0,0,0,1,0,1,0,0,0
7975,C1,21,1,1,0,0,0,0,0,0,0,0,0,0,1,0,2,0,0,0
8000,A1,3,20,0,2,0,0,0,0,0,0,0,0,0,0,1,2,1,4,1
8000,B0,0,12,20,1,0,0,0,0,0,0,0,0,0,0,1,1,1,1,2
8000,B1,1,1,4,2,0,0,0,0,0,0,0,0,0,0,1,1,0,0,0
8000,B2,1,0,6,20,0,0,0,0,0,0,0,0,0,0,1,1,0,0,0
8000,C1,19,1,1,0,0,0,0,0,0,0,0,0,0,0,1,2,0,0,0
8025,A1,4,20,0,3,0,0,0,0,0,0,0,0,0,0,1,2,1,4,1
8025,B0,0,13,19,4,0,0,0,0,0,0,0,0,0,0,1,1,1,1,2
8025,B1,1,1,1,1,0,0,0,0,0,0,0,0,0,0,1,1,0,0,0
8025,B2,2,0,1,21,0,0,0,0,0,0,0,0,0,0,1,1,0,0,0
8025,C1,19,2,1,0,0,0,0,0,0,0,0,0,0,0,1,2,0,0,0
8050,A1,5,20,0,1,0,0,0,0,0,0,0,0,0,1,0,2,1,4,1
8050,B0,0,13,17,1,0,0,0,0,0,0,0,0,0,1,0,1,1,1,2
8050,B1,3,3,1,1,0,0,0,0,0,0,0,0,0,1,0,2,0,0,0
8050,B2,5,0,1,14,0,0,0,0,0,0,0,0,0,1,0,1,0,0,0
8050,C1,20,4,2,0,0,0,0,0,0,0,0,0,0,1,0,2,0,0,0
8075,A1,1,20,0,1,0,0,0,0,0,0,0,0,0,1,0,2,1,4,1
8075,B0,0,11,20,1,0,0,0,0,0,0,0,0,0,1,0,1,1,1,2
8075,B1,2,4,1,1,0,0,0,0,0,0,0,0,0,1,0,2,0,0,0
8075,B2,3,0,4,20,0,0,0,0,0,0,0,0,0,1,0,1,0,0,0
8075,C1,21,1,1,0,0,0,0,0,0,0,0,0,0,1,0,2,0,0,0
8100,A1,3,15,0,3,0,0,0,0,0,0,0,0,0,1,0,2,1,4,1
8100,B0,0,3,20,2,0,0,0,0,0,0,0,0,0,1,0,1,1,1,2
8100,B1,1,1,2,3,0,0,0,0,0,0,0,0,0,1,0,1,0,0,0
8100,B2,4,0,4,20,0,0,0,0,0,0,0,0,0,1,0,1,0,0,0
8100,C1,19,2,5,0,0,0,0,0,0,0,0,0,0,1,0,2,0,0,0
8125,A1,2,20,0,1,0,0,0,0,0,0,0,0,0,0,1,2,1,4,1
8125,B0,0,4,17,2,0,0,0,0,0,0,0,0,0,0,1,1,1,1,2
8125,B1,1,1,2,2,0,0,0,0,0,0,0,0,0,0,1,1,0,0,0
8125,B2,5,0,3,19,0,0,0,0,0,0,0,0,0,0,1,1,0,0,0
8125,C1,20,3,2,0,0,0,0,0,0,0,0,0,0,0,1,2,0,0,0
8150,A1,3,20,0,1,0,0,0,0,0,0,0,0,0,0,1,2,1,4,1
8150,B0,0,6,18,1,0,0,0,0,0,0,0,0,0,0,1,1,1,1,2
8150,B1,5,4,1,1,0,0,0,0,0,0,0,0,0,0,1,2,0,0,0
8150,B2,6,0,1,15,0,0,0,0,0,0,0,0,0,0,1,1,0,0,0
8150,C1,20,4,2,0,0,0,0,0,0,0,0,0,0,0,1,2,0,0,0
8175,A1,1,16,0,1,0,0,0,0,0,0,0,0,0,1,0,2,1,4,1
8175,B0,0,5,20,3,0,0,0,0,0,0,0,0,0,1,0,1,1,1,2
8175,B1,3,8,1,1,0,0,0,0,0,0,0,0,0,1,0,2,0,0,0
8175,B2,7,0,2,19,0,0,0,0,0,0,0,0,0,1,0,1,0,0,0
8175,C1,20,2,1,0,0,0,0,0,0,0,0,0,0,1,0,2,0,0,0
8200,A1,2,16,0,5,0,0,0,0,0,0,0,0,0,1,0,2,1,4,1
8200,B0,0,6,20,7,0,0,0,0,0,0,0,0,0,1,0,1,1,1,2
8200,B1,1,1,5,1,0,0,0,0,0,0,0,0,0,1,0,1,0,0,0
8200,B2,6,0,4,20,0,0,0,0,0,0,0,0,0,1,0,1,0,0,0
8200,C1,19,1,3,0,0,0,0,0,0,0,0,0,0,1,0,2,0,0,0
8225,A1,2,19,0,1,0,0,0,0,0,0,0,0,0,0,1,2,1,4,1
8225,B0,0,7,20,4,0,0,0,0,0,0,0,0,0,0,1,1,1,1,2
8225,B1,1,1,4,1,0,0,0,0,0,0,0,0,0,0,1,1,0,0,0
8225,B2,4,0,1,20,0,0,0,0,0,0,0,0,0,0,1,1,0,0,0
8225,C1,20,1,1,0,0,0,0,0,0,0,0,0,0,0,1,2,0,0,0
8250,A1,3,20,0,3,0,0,0,0,0,0,0,0,0,0,1,2,1,4,1
8250,B0,0,7,21,1,0,0,0,0,0,0,0,0,0,0,1,1,1,1,2
8250,B1,3,1,1,1,0,0,0,0,0,0,0,0,0,0,1,2,0,0,0
8250,B2,6,0,1,17,0,0,0,0,0,0,0,0,0,0,1,1,0,0,0
8250,C1,20,3,2,0,0,0,0,0,0,0,0,0,0,0,1,2,0,0,0
8275,A1,3,20,0,1,0,0,0,0,0,0,0,0,0,1,0,2,1,4,1
8275,B0,0,8,18,2,0,0,0,0,0,0,0,0,0,1,0,1,1,1,2
8275,B1,3,1,1,1,0,0,0,0,0,0,0,0,0,1,0,2,0,0,0
8275,B2,7,0,2,19,0,0,0,0,0,0,0,0,0,1,0,1,0,0,0
8275,C1,20,4,2,0,0,0,0,0,0,0,0,0,0,1,0,2,0,0,0
8300,A1,4,21,0,2,0,0,0,0,0,0,0,0,0,1,0,2,1,4,1
8300,B0,0,7,20,4,0,0,0,0,0,0,0,0,0,1,0,1,1,1,2
8300,B1,1,1,1,2,0,0,0,0,0,0,0,0,0,1,0,1,0,0,0
8300,B2,5,0,4,20,0,0,0,0,0,0,0,0,0,1,0,1,0,0,0
8300,C1,15,2,4,0,0,0,0,0,0,0,0,0,0,1,0,2,0,0,0
8325,A1,1,20,0,1,0,0,0,0,0,0,0,0,0,0,1,2,1,4,1
8325,B0,0,8,20,2,0,0,0,0,0,0,0,0,0,0,1,1,1,1,2
8325,B1,1,1,1,3,0,0,0,0,0,0,0,0,0,0,1,1,0,0,0
8325,B2,3,0,3,20,0,0,0,0,0,0,0,0,0,0,1,1,0,0,0
8325,C1,18,1,1,0,0,0,0,0,0,0,0,0,0,0,1,2,0,0,0
8350,A1,3,20,0,3,0,0,0,0,0,0,0,0,0,0,1,2,1,4,1
8350,B0,0,11,21,1,0,0,0,0,0,0,0,0,0,0,1,1,1,1,2
8350,B1,1,1,1,1,0,0,0,0,0,0,0,0,0,0,1,1,0,0,0
8350,B2,5,0,1,19,0,0,0,0,0,0,0,0,0,0,1,1,0,0,0
8350,C1,20,2,1,0,0,0,0,0,0,0,0,0,0,0,1,2,0,0,0
8375,A1,4,17,0,3,0,0,0,0,0,0,0,0,0,1,0,2,1,4,1
8375,B0,0,10,18,1,0,0,0,0,0,0,0,0,0,1,0,1,1,1,2
8375,B1,1,1,1,1,0,0,0,0,0,0,0,0,0,1,0,1,0,0,0
8375,B2,4,0,4,17,0,0,0,0,0,0,0,0,0,1,0,1,0,0,0
8375,C1,20,1,1,0,0,0,0,0,0,0,0,0,0,1,0,2,0,0,0
8400,A1,1,20,0,4,0,0,0,0,0,0,0,0,0,1,0,2,1,4,1
8400,B0,0,7,20,3,0,0,0,0,0,0,0,0,0,1,0,1,1,1,2
8400,B1,1,1,1,1,0,0,0,0,0,0,0,0,0,1,0,1,0,0,0
8400,B2,1,0,5,20,0,0,0,0,0,0,0,0,0,1,0,1,0,0,0
8400,C1,19,1,4,0,0,0,0,0,0,0,0,0,0,1,0,2,0,0,0
8425,A1,1,19,0,4,0,0,0,0,0,0,0,0,0,0,1,2,1,4,1
8425,B0,0,5,20,2,0,0,0,0,0,0,0,0,0,0,1,1,1,1,2
8425,B1,1,1,2,2,0,0,0,0,0,0,0,0,0,0,1,1,0,0,0
8425,B2,1,0,6,20,0,0,0,0,0,0,0,0,0,0,1,1,0,0,0
8425,C1,17,1,3,0,0,0,0,0,0,0,0,0,0,0,1,2,0,0,0
8450,A1,3,20,0,8,0,0,0,0,0,0,0,0,0,0,1,2,1,4,1
8450,B0,0,5,18,3,0,0,0,0,0,0,0,0,0,0,1,1,1,1,2
8450,B1,1,1,3,1,0,0,0,0,0,0,0,0,0,0,1,1,0,0,0
8450,B2,1,0,2,20,0,0,0,0,0,0,0,0,0,0,1,1,0,0,0
8450,C1,20,3,1,0,0,0,0,0,0,0,0,0,0,0,1,2,0,0,0
8475,A1,3,20,0,11,0,0,0,0,0,0,0,0,0,1,0,2,1,4,1
8475,B0,0,5,19,3,0,0,0,0,0,0,0,0,0,1,0,1,1,1,2
8475,B1,4,4,1,1,0,0,0,0,0,0,0,0,0,1,0,2,0,0,0
8475,B2,3,0,3,18,0,0,0,0,0,0,0,0,0,1,0,1,0,0,0
8475,C1,20,2,1,0,0,0,0,0,0,0,0,0,0,1,0,2,0,0,0
8500,A1,1,21,0,11,0,0,0,0,0,0,0,0,0,1,0,2,1,4,1
8500,B0,0,2,20,1,0,0,0,0,0,0,0,0,0,1,0,1,1,1,2
8500,B1,1,1,2,1,0,0,0,0,0,0,0,0,0,1,0,1,0,0,0
8500,B2,1,0,5,20,0,0,0,0,0,0,0,0,0,1,0,1,0,0,0
8500,C1,20,4,3,0,0,0,0,0,0,0,0,0,0,1,0,2,0,0,0
8525,A1,1,19,0,13,0,0,0,0,0,0,0,0,0,1,0,2,1,4,1
8525,B0,0,1,20,2,0,0,0,0,0,0,0,0,0,1,0,1,1,1,2
8525,B1,1,1,4,2,0,0,0,0,0,0,0,0,0,1,0,1,0,0,0
8525,B2,1,0,6,20,0,0,0,0,0,0,0,0,0,1,0,1,0,0,0
8525,C1,15,1,5,0,0,0,0,0,0,0,0,0,0,1,0,2,0,0,0
8550,A1,3,19,0,12,0,0,0,0,0,0,0,0,0,0,1,2,1,4,1
8550,B0,0,1,18,2,0,0,0,0,0,0,0,0,0,0,1,1,1,1,2
8550,B1,2,1,2,3,0,0,0,0,0,0,0,0,0,0,1,1,0,0,0
8550,B2,1,0,3,20,0,0,0,0,0,0,0,0,0,0,1,1,0,0,0
8550,C1,20,2,1,0,0,0,0,0,0,0,0,0,0,0,1,2,0,0,0
8575,A1,5,19,0,8,0,0,0,0,0,0,0,0,0,0,1,2,1,4,1
8575,B0,0,2,18,1,0,0,0,0,0,0,0,0,0,0,1,1,1,1,2
8575,B1,3,5,1,1,0,0,0,0,0,0,0,0,0,0,1,2,0,0,0
8575,B2,4,0,1,13,0,0,0,0,0,0,0,0,0,0,1,1,0,0,0
8575,C1,20,3,1,0,0,0,0,0,0,0,0,0,0,0,1,2,0,0,0
8600,A1,1,20,0,8,0,0,0,0,0,0,0,0,0,1,0,2,1,4,1
8600,B0,0,1,20,2,0,0,0,0,0,0,0,0,0,1,0,1,1,1,2
8600,B1,3,6,1,1,0,0,0,0,0,0,0,0,0,1,0,2,0,0,0
8600,B2,1,0,3,20,0,0,0,0,0,0,0,0,0,1,0,1,0,0,0
8600,C1,16,3,2,0,0,0,0,0,0,0,0,0,0,1,0,2,0,0,0
8625,A1,1,17,0,11,0,0,0,0,0,0,0,0,0,1,0,2,1,4,1
8625,B0,0,1,20,3,0,0,0,0,0,0,0,0,0,1,0,1,1,1,2
8625,B1,1,1,1,4,0,0,0,0,0,0,0,0,0,1,0,1,0,0,0
8625,B2,1,0,4,20,0,0,0,0,0,0,0,0,0,1,0,1,0,0,0
8625,C1,19,1,2,0,0,0,0,0,0,0,0,0,0,1,0,2,0,0,0
8650,A1,2,20,0,9,0,0,0,0,0,0,0,0,0,0,1,2,1,4,1
8650,B0,0,2,18,2,0,0,0,0,0,0,0,0,0,0,1,1,1,1,2
8650,B1,1,1,1,4,0,0,0,0,0,0,0,0,0,0,1,1,0,0,0
8650,B2,1,0,3,20,0,0,0,0,0,0,0,0,0,0,1,1,0,0,0
8650,C1,20,2,1,0,0,0,0,0,0,0,0,0,0,0,1,2,0,0,0
8675,A1,1,20,0,12,0,0,0,0,0,0,0,0,0,0,1,2,1,4,1
8675,B0,0,4,13,3,0,0,0,0,0,0,0,0,0,0,1,1,1,1,2
8675,B1,2,3,1,1,0,0,0,0,0,0,0,0,0,0,1,2,0,0,0
8675,B2,3,0,2,18,0,0,0,0,0,0,0,0,0,0,1,1,0,0,0
8675,C1,20,3,1,0,0,0,0,0,0,0,0,0,0,0,1,2,0,0,0
8700,A1,1,20,0,11,0,0,0,0,0,0,0,0,0,1,0,2,1,4,1
8700,B0,0,2,20,1,0,0,0,0,0,0,0,0,0,1,0,1,1,1,2
8700,B1,5,2,1,1,0,0,0,0,0,0,0,0,0,1,0,2,0,0,0
8700,B2,1,0,4,17,0,0,0,0,0,0,0,0,0,1,0,1,0,0,0
8700,C1,20,1,1,0,0,0,0,0,0,0,0,0,0,1,0,2,0,0,0
8725,A1,1,15,0,11,0,0,0,0,0,0,0,0,0,1,0,2,1,4,1
8725,B0,0,3,20,3,0,0,0,0,0,0,0,0,0,1,0,1,1,1,2
8725,B1,1,1,2,1,0,0,0,0,0,0,0,0,0,1,0,1,0,0,0
8725,B2,1,0,4,20,0,0,0,0,0,0,0,0,0,1,0,1,0,0,0
8725,C1,20,1,4,0,0,0,0,0,0,0,0,0,0,1,0,2,0,0,0
8750,A1,3,16,0,9,0,0,0,0,0,0,0,0,0,0,1,2,1,4,1
8750,B0,0,2,20,1,0,0,0,0,0,0,0,0,0,0,1,1,1,1,2
8750,B1,1,1,4,1,0,0,0,0,0,0,0,0,0,0,1,1,0,0,0
8750,B2,2,0,2,20,0,0,0,0,0,0,0,0,0,0,1,1,0,0,0
8750,C1,20,1,1,0,0,0,0,0,0,0,0,0,0,0,1,2,0,0,0
8775,A1,5,20,0,4,0,0,0,0,0,0,0,0,0,0,1,2,1,4,1
8775,B0,0,4,18,1,0,0,0,0,0,0,0,0,0,0,1,1,1,1,2
8775,B1,4,1,1,1,0,0,0,0,0,0,0,0,0,0,1,2,0,0,0
8775,B2,4,0,1,17,0,0,0,0,0,0,0,0,0,0,1,1,0,0,0
8775,C1,20,1,2,0,0,0,0,0,0,0,0,0,0,0,1,2,0,0,0
8800,A1,4,20,0,1,0,0,0,0,0,0,0,0,0,1,0,2,1,4,1
8800,B0,0,3,18,2,0,0,0,0,0,0,0,0,0,1,0,1,1,1,2
8800,B1,1,3,1,1,0,0,0,0,0,0,0,0,0,1,0,2,0,0,0
8800,B2,6,0,1,17,0,0,0,0,0,0,0,0,0,1,0,1,0,0,0
8800,C1,20,2,2,0,0,0,0,0,0,0,0,0,0,1,0,2,0,0,0
8825,A1,1,19,0,3,0,0,0,0,0,0,0,0,0,1,0,2,1,4,1
8825,B0,0,1,20,4,0,0,0,0,0,0,0,0,0,1,0,1,1,1,2
8825,B1,1,1,2,2,0,0,0,0,0,0,0,0,0,1,0,1,0,0,0
8825,B2,7,0,2,20,0,0,0,0,0,0,0,0,0,1,0,1,0,0,0
8825,C1,17,1,4,0,0,0,0,0,0,0,0,0,0,1,0,2,0,0,0
8850,A1,1,19,0,3,0,0,0,0,0,0,0,0,0,0,1,2,1,4,1
8850,B0,0,1,20,5,0,0,0,0,0,0,0,0,0,0,1,1,1,1,2
8850,B1,1,1,4,3,0,0,0,0,0,0,0,0,0,0,1,1,0,0,0
8850,B2,8,0,2,20,0,0,0,0,0,0,0,0,0,0,1,1,0,0,0
8850,C1,17,1,2,0,0,0,0,0,0,0,0,0,0,0,1,2,0,0,0
8875,A1,3,20,0,4,0,0,0,0,0,0,0,0,0,0,1,2,1,4,1
8875,B0,0,2,20,2,0,0,0,0,0,0,0,0,0,0,1,1,1,1,2
8875,B1,2,2,1,1,0,0,0,0,0,0,0,0,0,0,1,2,0,0,0
8875,B2,10,0,4,21,0,0,0,0,0,0,0,0,0,0,1,1,0,0,0
8875,C1,20,1,1,0,0,0,0,0,0,0,0,0,0,0,1,2,0,0,0
8900,A1,5,20,0,1,0,0,0,0,0,0,0,0,0,1,0,2,1,4,1
8900,B0,0,3,16,1,0,0,0,0,0,0,0,0,0,1,0,1,1,1,2
8900,B1,4,2,1,1,0,0,0,0,0,0,0,0,0,1,0,2,0,0,0
8900,B2,10,0,4,14,0,0,0,0,0,0,0,0,0,1,0,1,0,0,0
8900,C1,20,1,1,0,0,0,0,0,0,0,0,0,0,1,0,2,0,0,0
8925,A1,1,20,0,2,0,0,0,0,0,0,0,0,0,1,0,2,1,4,1
8925,B0,0,1,20,1,0,0,0,0,0,0,0,0,0,1,0,1,1,1,2
8925,B1,2,2,1,1,0,0,0,0,0,0,0,0,0,1,0,2,0,0,0
8925,B2,11,0,3,20,0,0,0,0,0,0,0,0,0,1,0,1,0,0,0
8925,C1,19,1,3,0,0,0,0,0,0,0,0,0,0,1,0,2,0,0,0
8950,A1,1,18,0,7,0,0,0,0,0,0,0,0,0,0,1,2,1,4,1
8950,B0,0,2,20,2,0,0,0,0,0,0,0,0,0,0,1,1,1,1,2
8950,B1,1,1,3,4,0,0,0,0,0,0,0,0,0,0,1,1,0,0,0
8950,B2,11,0,4,20,0,0,0,0,0,0,0,0,0,0,1,1,0,0,0
8950,C1,17,2,6,0,0,0,0,0,0,0,0,0,0,0,1,2,0,0,0
8975,A1,4,20,0,1,0,0,0,0,0,0,0,0,0,0,1,2,1,4,1
8975,B0,0,3,21,1,0,0,0,0,0,0,0,0,0,0,1,1,1,1,2
8975,B1,1,2,1,4,0,0,0,0,0,0,0,0,0,0,1,1,0,0,0
8975,B2,11,0,4,19,0,0,0,0,0,0,0,0,0,0,1,1,0,0,0
8975,C1,20,3,1,0,0,0,0,0,0,0,0,0,0,0,1,2,0,0,0
9000,A1,5,20,0,1,0,0,0,0,0,0,0,0,0,0,1,2,1,4,1
9000,B0,0,4,15,2,0,0,0,0,0,0,0,0,0,0,1,1,1,1,2
9000,B1,2,6,1,1,0,0,0,0,0,0,0,0,0,0,1,2,0,0,0
9000,B2,17,0,2,16,0,0,0,0,0,0,0,0,0,0,1,1,0,0,0
9000,C1,20,3,1,0,0,0,0,0,0,0,0,0,0,0,1,2,0,0,0
9025,A1,1,20,0,3,0,0,0,0,0,0,0,0,0,1,0,2,1,4,1
9025,B0,0,1,20,3,0,0,0,0,0,0,0,0,0,1,0,1,1,1,2
9025,B1,3,1,1,1,0,0,0,0,0,0,0,0,0,1,0,2,0,0,0
9025,B2,12,0,4,20,0,0,0,0,0,0,0,0,0,1,0,1,0,0,0
9025,C1,20,1,1,0,0,0,0,0,0,0,0,0,0,1,0,2,0,0,0
9050,A1,2,19,0,3,0,0,0,0,0,0,0,0,0,1,0,2,1,4,1
9050,B0,0,3,20,4,0,0,0,0,0,0,0,0,0,1,0,1,1,1,2
9050,B1,1,1,2,3,0,0,0,0,0,0,0,0,0,1,0,1,0,0,0
9050,B2,11,0,4,20,0,0,0,0,0,0,0,0,0,1,0,1,0,0,0
9050,C1,16,1,6,0,0,0,0,0,0,0,0,0,0,1,0,2,0,0,0
9075,A1,3,20,0,1,0,0,0,0,0,0,0,0,0,0,1,2,1,4,1
9075,B0,0,2,19,1,0,0,0,0,0,0,0,0,0,0,1,1,1,1,2
9075,B1,1,1,1,5,0,0,0,0,0,0,0,0,0,0,1,1,0,0,0
9075,B2,11,0,2,20,0,0,0,0,0,0,0,0,0,0,1,1,0,0,0
9075,C1,19,2,1,0,0,0,0,0,0,0,0,0,0,0,1,2,0,0,0
9100,A1,4,20,0,6,0,0,0,0,0,0,0,0,0,0,1,2,1,4,1
9100,B0,0,6,17,1,0,0,0,0,0,0,0,0,0,0,1,1,1,1,2
9100,B1,2,2,1,1,0,0,0,0,0,0,0,0,0,0,1,2,0,0,0
9100,B2,12,0,1,20,0,0,0,0,0,0,0,0,0,0,1,1,0,0,0
9100,C1,20,4,1,0,0,0,0,0,0,0,0,0,0,0,1,2,0,0,0
9125,A1,3,20,0,5,0,0,0,0,0,0,0,0,0,1,0,2,1,4,1
9125,B0,0,1,19,1,0,0,0,0,0,0,0,0,0,1,0,1,1,1,2
9125,B1,4,1,1,1,0,0,0,0,0,0,0,0,0,1,0,2,0,0,0
9125,B2,11,0,4,19,0,0,0,0,0,0,0,0,0,1,0,1,0,0,0
9125,C1,20,3,1,0,0,0,0,0,0,0,0,0,0,1,0,2,0,0,0
9150,A1,2,17,0,5,0,0,0,0,0,0,0,0,0,1,0,2,1,4,1
9150,B0,0,1,20,2,0,0,0,0,0,0,0,0,0,1,0,1,1,1,2
9150,B1,1,1,1,1,0,0,0,0,0,0,0,0,0,1,0,1,0,0,0
9150,B2,13,0,4,20,0,0,0,0,0,0,0,0,0,1,0,1,0,0,0
9150,C1,18,1,3,0,0,0,0,0,0,0,0,0,0,1,0,2,0,0,0
9175,A1,1,16,0,5,0,0,0,0,0,0,0,0,0,0,1,2,1,4,1
9175,B0,0,1,20,4,0,0,0,0,0,0,0,0,0,0,1,1,1,1,2
9175,B1,1,1,4,1,0,0,0,0,0,0,0,0,0,0,1,1,0,0,0
9175,B2,10,0,3,19,0,0,0,0,0,0,0,0,0,0,1,1,0,0,0
9175,C1,17,3,1,0,0,0,0,0,0,0,0,0,0,0,1,2,0,0,0
9200,A1,2,20,0,4,0,0,0,0,0,0,0,0,0,0,1,2,1,4,1
9200,B0,0,4,20,1,0,0,0,0,0,0,0,0,0,0,1,1,1,1,2
9200,B1,2,2,1,1,0,0,0,0,0,0,0,0,0,0,1,2,0,0,0
9200,B2,11,0,2,19,0,0,0,0,0,0,0,0,0,0,1,1,0,0,0
9200,C1,20,4,1,0,0,0,0,0,0,0,0,0,0,0,1,2,0,0,0
9225,A1,1,20,0,3,0,0,0,0,0,0,0,0,0,1,0,2,1,4,1
9225,B0,0,1,19,1,0,0,0,0,0,0,0,0,0,1,0,1,1,1,2
9225,B1,1,5,1,1,0,0,0,0,0,0,0,0,0,1,0,2,0,0,0
9225,B2,11,0,2,20,0,0,0,0,0,0,0,0,0,1,0,1,0,0,0
9225,C1,20,2,3,0,0,0,0,0,0,0,0,0,0,1,0,2,0,0,0
9250,A1,2,19,0,4,0,0,0,0,0,0,0,0,0,1,0,2,1,4,1
9250,B0,0,1,20,2,0,0,0,0,0,0,0,0,0,1,0,1,1,1,2
9250,B1,1,1,3,3,0,0,0,0,0,0,0,0,0,1,0,1,0,0,0
9250,B2,13,0,4,20,0,0,0,0,0,0,0,0,0,1,0,1,0,0,0
9250,C1,20,2,4,0,0,0,0,0,0,0,0,0,0,1,0,2,0,0,0
9275,A1,1,17,0,3,0,0,0,0,0,0,0,0,0,0,1,2,1,4,1
9275,B0,0,1,20,3,0,0,0,0,0,0,0,0,0,0,1,1,1,1,2
9275,B1,1,1,5,6,0,0,0,0,0,0,0,0,0,0,1,1,0,0,0
9275,B2,9,0,3,19,0,0,0,0,0,0,0,0,0,0,1,1,0,0,0
9275,C1,17,2,3,0,0,0,0,0,0,0,0,0,0,0,1,2,0,0,0
9300,A1,2,20,0,5,0,0,0,0,0,0,0,0,0,0,1,2,1,4,1
9300,B0,0,4,16,1,0,0,0,0,0,0,0,0,0,0,1,1,1,1,2
9300,B1,1,3,1,3,0,0,0,0,0,0,0,0,0,0,1,1,0,0,0
9300,B2,9,0,1,19,0,0,0,0,0,0,0,0,0,0,1,1,0,0,0
9300,C1,20,3,1,0,0,0,0,0,0,0,0,0,0,0,1,2,0,0,0
9325,A1,2,20,0,2,0,0,0,0,0,0,0,0,0,1,0,2,1,4,1
9325,B0,0,5,17,1,0,0,0,0,0,0,0,0,0,1,0,1,1,1,2
9325,B1,8,2,1,1,0,0,0,0,0,0,0,0,0,1,0,2,0,0,0
9325,B2,8,0,3,19,0,0,0,0,0,0,0,0,0,1,0,1,0,0,0
9325,C1,20,3,1,0,0,0,0,0,0,0,0,0,0,1,0,2,0,0,0
9350,A1,1,18,0,5,0,0,0,0,0,0,0,0,0,1,0,2,1,4,1
9350,B0,0,6,20,5,0,0,0,0,0,0,0,0,0,1,0,1,1,1,2
9350,B1,2,1,1,2,0,0,0,0,0,0,0,0,0,1,0,1,0,0,0
9350,B2,2,0,2,20,0,0,0,0,0,0,0,0,0,1,0,1,0,0,0
9350,C1,19,2,1,0,0,0,0,0,0,0,0,0,0,1,0,2,0,0,0
9375,A1,1,16,0,4,0,0,0,0,0,0,0,0,0,0,1,2,1,4,1
9375,B0,0,6,20,5,0,0,0,0,0,0,0,0,0,0,1,1,1,1,2
9375,B1,1,1,3,2,0,0,0,0,0,0,0,0,0,0,1,1,0,0,0
9375,B2,6,0,3,20,0,0,0,0,0,0,0,0,0,0,1,1,0,0,0
9375,C1,15,2,2,0,0,0,0,0,0,0,0,0,0,0,1,2,0,0,0
9400,A1,6,20,0,1,0,0,0,0,0,0,0,0,0,0,1,2,1,4,1
9400,B0,0,6,21,1,0,0,0,0,0,0,0,0,0,0,1,1,1,1,2
9400,B1,1,1,1,3,0,0,0,0,0,0,0,0,0,0,1,1,0,0,0
9400,B2,6,0,1,19,0,0,0,0,0,0,0,0,0,0,1,1,0,0,0
9400,C1,20,5,3,0,0,0,0,0,0,0,0,0,0,0,1,2,0,0,0
9425,A1,8,20,0,1,0,0,0,0,0,0,0,0,0,0,1,2,1,4,1
9425,B0,0,7,17,1,0,0,0,0,0,0,0,0,0,0,1,1,1,1,2
9425,B1,4,3,1,1,0,0,0,0,0,0,0,0,0,0,1,2,0,0,0
9425,B2,10,0,1,16,0,0,0,0,0,0,0,0,0,0,1,1,0,0,0
9425,C1,20,6,1,0,0,0,0,0,0,0,0,0,0,0,1,2,0,0,0
9450,A1,3,20,0,2,0,0,0,0,0,0,0,0,0,1,0,2,1,4,1
9450,B0,0,7,20,2,0,0,0,0,0,0,0,0,0,1,0,1,1,1,2
9450,B1,2,1,1,1,0,0,0,0,0,0,0,0,0,1,0,2,0,0,0
9450,B2,5,0,3,20,0,0,0,0,0,0,0,0,0,1,0,1,0,0,0
9450,C1,20,1,1,0,0,0,0,0,0,0,0,0,0,1,0,2,0,0,0
9475,A1,1,18,0,5,0,0,0,0,0,0,0,0,0,1,0,2,1,4,1
9475,B0,0,8,20,2,0,0,0,0,0,0,0,0,0,1,0,1,1,1,2
9475,B1,1,1,2,2,0,0,0,0,0,0,0,0,0,1,0,1,0,0,0
9475,B2,3,0,3,20,0,0,0,0,0,0,0,0,0,1,0,1,0,0,0
9475,C1,15,1,3,0,0,0,0,0,0,0,0,0,0,1,0,2,0,0,0
9500,A1,3,20,0,1,0,0,0,0,0,0,0,0,0,0,1,2,1,4,1
9500,B0,0,7,20,3,0,0,0,0,0,0,0,0,0,0,1,1,1,1,2
9500,B1,1,1,5,4,0,0,0,0,0,0,0,0,0,0,1,1,0,0,0
9500,B2,3,0,1,20,0,0,0,0,0,0,0,0,0,0,1,1,0,0,0
9500,C1,19,3,1,0,0,0,0,0,0,0,0,0,0,0,1,2,0,0,0
9525,A1,5,20,0,4,0,0,0,0,0,0,0,0,0,0,1,2,1,4,1
9525,B0,0,9,18,1,0,0,0,0,0,0,0,0,0,0,1,1,1,1,2
9525,B1,1,2,1,1,0,0,0,0,0,0,0,0,0,0,1,2,0,0,0
9525,B2,6,0,3,17,0,0,0,0,0,0,0,0,0,0,1,1,0,0,0
9525,C1,20,4,1,0,0,0,0,0,0,0,0,0,0,0,1,2,0,0,0
9550,A1,3,20,0,3,0,0,0,0,0,0,0,0,0,1,0,2,1,4,1
9550,B0,0,8,18,2,0,0,0,0,0,0,0,0,0,1,0,1,1,1,2
9550,B1,2,3,1,1,0,0,0,0,0,0,0,0,0,1,0,2,0,0,0
9550,B2,6,0,3,19,0,0,0,0,0,0,0,0,0,1,0,1,0,0,0
9550,C1,20,2,2,0,0,0,0,0,0,0,0,0,0,1,0,2,0,0,0
9575,A1,1,20,0,5,0,0,0,0,0,0,0,0,0,1,0,2,1,4,1
9575,B0,0,9,20,4,0,0,0,0,0,0,0,0,0,1,0,1,1,1,2
9575,B1,1,1,4,2,0,0,0,0,0,0,0,0,0,1,0,1,0,0,0
9575,B2,9,0,4,20,0,0,0,0,0,0,0,0,0,1,0,1,0,0,0
9575,C1,15,2,4,0,0,0,0,0,0,0,0,0,0,1,0,2,0,0,0
9600,A1,1,20,0,1,0,0,0,0,0,0,0,0,0,0,1,2,1,4,1
9600,B0,0,7,19,3,0,0,0,0,0,0,0,0,0,0,1,1,1,1,2
9600,B1,1,1,3,7,0,0,0,0,0,0,0,0,0,0,1,1,0,0,0
9600,B2,9,0,3,20,0,0,0,0,0,0,0,0,0,0,1,1,0,0,0
9600,C1,17,5,1,0,0,0,0,0,0,0,0,0,0,0,1,2,0,0,0
9625,A1,5,20,0,4,0,0,0,0,0,0,0,0,0,0,1,2,1,4,1
9625,B0,0,8,18,1,0,0,0,0,0,0,0,0,0,0,1,1,1,1,2
9625,B1,1,2,1,1,0,0,0,0,0,0,0,0,0,0,1,2,0,0,0
9625,B2,10,0,2,19,0,0,0,0,0,0,0,0,0,0,1,1,0,0,0
9625,C1,20,5,1,0,0,0,0,0,0,0,0,0,0,0,1,2,0,0,0
9650,A1,1,21,0,4,0,0,0,0,0,0,0,0,0,1,0,2,1,4,1
9650,B0,0,9,16,2,0,0,0,0,0,0,0,0,0,1,0,1,1,1,2
9650,B1,5,4,1,1,0,0,0,0,0,0,0,0,0,1,0,2,0,0,0
9650,B2,9,0,4,18,0,0,0,0,0,0,0,0,0,1,0,1,0,0,0
9650,C1,19,4,2,0,0,0,0,0,0,0,0,0,0,1,0,2,0,0,0
9675,A1,1,19,0,8,0,0,0,0,0,0,0,0,0,1,0,2,1,4,1
9675,B0,0,8,20,3,0,0,0,0,0,0,0,0,0,1,0,1,1,1,2
9675,B1,1,2,2,1,0,0,0,0,0,0,0,0,0,1,0,1,0,0,0
9675,B2,9,0,5,20,0,0,0,0,0,0,0,0,0,1,0,1,0,0,0
9675,C1,19,1,4,0,0,0,0,0,0,0,0,0,0,1,0,2,0,0,0
9700,A1,2,20,0,4,0,0,0,0,0,0,0,0,0,0,1,2,1,4,1
9700,B0,0,4,20,1,0,0,0,0,0,0,0,0,0,0,1,1,1,1,2
9700,B1,1,1,5,1,0,0,0,0,0,0,0,0,0,0,1,1,0,0,0
9700,B2,11,0,4,20,0,0,0,0,0,0,0,0,0,0,1,1,0,0,0
9700,C1,19,1,6,0,0,0,0,0,0,0,0,0,0,0,1,2,0,0,0
9725,A1,3,20,0,2,0,0,0,0,0,0,0,0,0,0,1,2,1,4,1
9725,B0,0,5,20,1,0,0,0,0,0,0,0,0,0,0,1,1,1,1,2
9725,B1,3,2,1,1,0,0,0,0,0,0,0,0,0,0,1,2,0,0,0
9725,B2,11,0,2,19,0,0,0,0,0,0,0,0,0,0,1,1,0,0,0
9725,C1,20,2,2,0,0,0,0,0,0,0,0,0,0,0,1,2,0,0,0
9750,A1,2,20,0,1,0,0,0,0,0,0,0,0,0,1,0,2,1,4,1
9750,B0,0,5,18,3,0,0,0,0,0,0,0,0,0,1,0,1,1,1,2
9750,B1,6,2,1,1,0,0,0,0,0,0,0,0,0,1,0,2,0,0,0
9750,B2,12,0,1,19,0,0,0,0,0,0,0,0,0,1,0,1,0,0,0
9750,C1,18,2,1,0,0,0,0,0,0,0,0,0,0,1,0,2,0,0,0
9775,A1,3,15,0,2,0,0,0,0,0,0,0,0,0,1,0,2,1,4,1
9775,B0,0,5,20,3,0,0,0,0,0,0,0,0,0,1,0,1,1,1,2
9775,B1,1,1,1,1,0,0,0,0,0,0,0,0,0,1,0,1,0,0,0
9775,B2,15,0,3,20,0,0,0,0,0,0,0,0,0,1,0,1,0,0,0
9775,C1,17,1,2,0,0,0,0,0,0,0,0,0,0,1,0,2,0,0,0
9800,A1,1,19,0,3,0,0,0,0,0,0,0,0,0,0,1,2,1,4,1
9800,B0,0,1,20,4,0,0,0,0,0,0,0,0,0,0,1,1,1,1,2
9800,B1,1,1,5,4,0,0,0,0,0,0,0,0,0,0,1,1,0,0,0
9800,B2,18,0,3,20,0,0,0,0,0,0,0,0,0,0,1,1,0,0,0
9800,C1,19,2,2,0,0,0,0,0,0,0,0,0,0,0,1,2,0,0,0
9825,A1,3,20,0,1,0,0,0,0,0,0,0,0,0,0,1,2,1,4,1
9825,B0,0,1,19,1,0,0,0,0,0,0,0,0,0,0,1,1,1,1,2
9825,B1,1,2,1,2,0,0,0,0,0,0,0,0,0,0,1,1,0,0,0
9825,B2,20,0,1,20,0,0,0,0,0,0,0,0,0,0,1,1,0,0,0
9825,C1,20,3,3,0,0,0,0,0,0,0,0,0,0,0,1,2,0,0,0
9850,A1,5,20,0,1,0,0,0,0,0,0,0,0,0,0,1,2,1,4,1
9850,B0,0,5,16,3,0,0,0,0,0,0,0,0,0,0,1,1,1,1,2
9850,B1,3,3,1,1,0,0,0,0,0,0,0,0,0,0,1,2,0,0,0
9850,B2,20,0,1,14,0,0,0,0,0,0,0,0,0,0,1,1,0,0,0
9850,C1,20,5,3,0,0,0,0,0,0,0,0,0,0,0,1,2,0,0,0
9875,A1,2,20,0,1,0,0,0,0,0,0,0,0,0,1,0,2,1,4,1
9875,B0,0,5,20,2,0,0,0,0,0,0,0,0,0,1,0,1,1,1,2
9875,B1,6,2,1,1,0,0,0,0,0,0,0,0,0,1,0,2,0,0,0
9875,B2,12,0,2,20,0,0,0,0,0,0,0,0,0,1,0,1,0,0,0
9875,C1,21,2,3,0,0,0,0,0,0,0,0,0,0,1,0,2,0,0,0
9900,A1,1,18,0,3,0,0,0,0,0,0,0,0,0,1,0,2,1,4,1
9900,B0,0,2,20,4,0,0,0,0,0,0,0,0,0,1,0,1,1,1,2
9900,B1,1,1,4,1,0,0,0,0,0,0,0,0,0,1,0,1,0,0,0
9900,B2,5,0,3,20,0,0,0,0,0,0,0,0,0,1,0,1,0,0,0
9900,C1,16,1,6,0,0,0,0,0,0,0,0,0,0,1,0,2,0,0,0
9925,A1,2,20,0,3,0,0,0,0,0,0,0,0,0,0,1,2,1,4,1
9925,B0,0,3,19,1,0,0,0,0,0,0,0,0,0,0,1,1,1,1,2
9925,B1,1,1,2,1,0,0,0,0,0,0,0,0,0,0,1,1,0,0,0
9925,B2,4,0,1,20,0,0,0,0,0,0,0,0,0,0,1,1,0,0,0
9925,C1,19,2,1,0,0,0,0,0,0,0,0,0,0,0,1,2,0,0,0
9950,A1,2,20,0,1,0,0,0,0,0,0,0,0,0,0,1,2,1,4,1
9950,B0,0,4,18,1,0,0,0,0,0,0,0,0,0,0,1,1,1,1,2
9950,B1,4,3,1,1,0,0,0,0,0,0,0,0,0,0,1,2,0,0,0
9950,B2,6,0,1,18,0,0,0,0,0,0,0,0,0,0,1,1,0,0,0
9950,C1,20,4,1,0,0,0,0,0,0,0,0,0,0,0,1,2,0,0,0
9975,A1,1,20,0,1,0,0,0,0,0,0,0,0,0,1,0,2,1,4,1
9975,B0,0,3,19,2,0,0,0,0,0,0,0,0,0,1,0,1,1,1,2
9975,B1,5,3,1,1,0,0,0,0,0,0,0,0,0,1,0,2,0,0,0
9975,B2,3,0,1,19,0,0,0,0,0,0,0,0,0,1,0,1,0,0,0
9975,C1,20,2,2,0,0,0,0,0,0,0,0,0,0,1,0,2,0,0,0
10000,A1,2,13,0,1,0,0,0,0,0,0,0,0,0,1,0,2,1,4,1
10000,B0,0,3,20,5,0,0,0,0,0,0,0,0,0,1,0,1,1,1,2
10000,B1,1,1,1,1,0,0,0,0,0,0,0,0,0,1,0,1,0,0,0
10000,B2,1,0,4,20,0,0,0,0,0,0,0,0,0,1,0,1,0,0,0
10000,C1,15,2,7,0,0,0,0,0,0,0,0,0,0,1,0,2,0,0,0
